id_detalle_compra,id_compra,id_producto,cantidad,costo_unitario_compra,descuento_linea,impuesto_linea,subtotal_linea,total_linea
1,1,38,141,4.99,0.00,0.00,703.59,703.59
2,1,7,154,4.06,0.00,0.00,625.24,625.24
3,1,22,74,11.82,0.00,0.00,874.68,874.68
4,1,20,173,7.15,0.00,0.00,1236.95,1236.95
5,1,21,121,5.31,0.00,0.00,642.51,642.51
6,1,9,180,2.18,0.00,0.00,392.40,392.40
7,1,11,126,2.19,0.00,0.00,275.94,275.94
8,2,45,176,10.95,0.00,0.00,1927.20,1927.20
9,2,19,175,19.07,0.00,0.00,3337.25,3337.25
10,2,9,111,2.20,0.00,0.00,244.20,244.20
11,2,12,86,3.58,0.00,0.00,307.88,307.88
12,2,47,56,16.47,0.00,0.00,922.32,922.32
13,2,1,66,8.00,0.00,0.00,528.00,528.00
14,2,60,49,1.47,0.00,0.00,72.03,72.03
15,3,21,115,5.43,0.00,0.00,624.45,624.45
16,3,11,97,2.17,0.00,0.00,210.49,210.49
17,3,41,47,17.60,0.00,0.00,827.20,827.20
18,3,57,57,4.12,0.00,0.00,234.84,234.84
19,3,6,42,3.41,0.00,0.00,143.22,143.22
20,3,53,137,13.20,0.00,0.00,1808.40,1808.40
21,3,46,135,14.52,0.00,0.00,1960.20,1960.20
22,4,25,177,3.83,0.00,0.00,677.91,677.91
23,4,23,87,6.68,0.00,0.00,581.16,581.16
24,4,35,48,12.82,0.00,0.00,615.36,615.36
25,4,60,38,1.48,0.00,0.00,56.24,56.24
26,4,7,111,3.90,0.00,0.00,432.90,432.90
27,4,54,56,5.25,0.00,0.00,294.00,294.00
28,4,31,73,3.15,0.00,0.00,229.95,229.95
29,5,11,153,2.28,0.00,0.00,348.84,348.84
30,5,47,140,16.48,0.00,0.00,2307.20,2307.20
31,5,5,72,2.79,0.00,0.00,200.88,200.88
32,5,36,141,10.99,0.00,0.00,1549.59,1549.59
33,5,6,55,3.39,0.00,0.00,186.45,186.45
34,5,22,78,11.47,0.00,0.00,894.66,894.66
35,5,39,171,17.00,0.00,0.00,2907.00,2907.00
36,6,47,54,15.07,0.00,0.00,813.78,813.78
37,6,35,176,12.51,0.00,0.00,2201.76,2201.76
38,6,17,155,18.41,0.00,0.00,2853.55,2853.55
39,6,43,122,9.77,0.00,0.00,1191.94,1191.94
40,6,19,52,19.60,0.00,0.00,1019.20,1019.20
41,6,20,152,6.80,0.00,0.00,1033.60,1033.60
42,6,16,36,3.54,0.00,0.00,127.44,127.44
43,7,41,131,17.82,0.00,0.00,2334.42,2334.42
44,7,19,97,19.19,0.00,0.00,1861.43,1861.43
45,7,6,169,3.41,0.00,0.00,576.29,576.29
46,7,31,124,3.15,0.00,0.00,390.60,390.60
47,7,55,124,2.45,0.00,0.00,303.80,303.80
48,7,8,41,5.21,0.00,0.00,213.61,213.61
49,7,20,149,6.84,0.00,0.00,1019.16,1019.16
50,8,54,54,5.25,0.00,0.00,283.50,283.50
51,8,18,118,12.64,0.00,0.00,1491.52,1491.52
52,8,37,135,5.63,0.00,0.00,760.05,760.05
53,8,4,180,4.02,0.00,0.00,723.60,723.60
54,8,10,45,6.64,0.00,0.00,298.80,298.80
55,8,49,163,10.57,0.00,0.00,1722.91,1722.91
56,8,45,167,11.28,0.00,0.00,1883.76,1883.76
57,9,60,50,1.49,0.00,0.00,74.50,74.50
58,9,31,38,3.03,0.00,0.00,115.14,115.14
59,9,37,162,5.54,0.00,0.00,897.48,897.48
60,9,57,67,3.88,0.00,0.00,259.96,259.96
61,9,16,144,3.53,0.00,0.00,508.32,508.32
62,9,59,72,2.06,0.00,0.00,148.32,148.32
63,9,20,79,6.75,0.00,0.00,533.25,533.25
64,10,28,67,2.87,0.00,0.00,192.29,192.29
65,10,6,96,3.39,0.00,0.00,325.44,325.44
66,10,44,47,8.92,0.00,0.00,419.24,419.24
67,10,60,172,1.49,0.00,0.00,256.28,256.28
68,10,13,113,6.31,0.00,0.00,713.03,713.03
69,10,53,163,12.56,0.00,0.00,2047.28,2047.28
70,10,41,33,18.38,0.00,0.00,606.54,606.54
71,11,40,68,8.31,0.00,0.00,565.08,565.08
72,11,38,180,4.89,0.00,0.00,880.20,880.20
73,11,34,55,7.18,0.00,0.00,394.90,394.90
74,11,51,174,18.11,0.00,0.00,3151.14,3151.14
75,11,27,103,5.55,0.00,0.00,571.65,571.65
76,11,8,118,5.54,0.00,0.00,653.72,653.72
77,11,56,97,5.78,0.00,0.00,560.66,560.66
78,12,32,133,16.95,0.00,0.00,2254.35,2254.35
79,12,37,132,5.13,0.00,0.00,677.16,677.16
80,12,39,114,16.95,0.00,0.00,1932.30,1932.30
81,12,31,42,3.10,0.00,0.00,130.20,130.20
82,12,3,98,7.33,0.00,0.00,718.34,718.34
83,12,12,35,3.47,0.00,0.00,121.45,121.45
84,12,18,107,12.03,0.00,0.00,1287.21,1287.21
85,13,54,64,5.37,0.00,0.00,343.68,343.68
86,13,32,143,18.06,0.00,0.00,2582.58,2582.58
87,13,55,112,2.47,0.00,0.00,276.64,276.64
88,13,45,136,11.19,0.00,0.00,1521.84,1521.84
89,13,44,52,9.01,0.00,0.00,468.52,468.52
90,13,7,84,4.17,0.00,0.00,350.28,350.28
91,13,15,134,1.96,0.00,0.00,262.64,262.64
92,14,49,70,10.20,0.00,0.00,714.00,714.00
93,14,34,159,6.82,0.00,0.00,1084.38,1084.38
94,14,56,164,6.07,0.00,0.00,995.48,995.48
95,14,24,37,13.93,0.00,0.00,515.41,515.41
96,14,53,81,13.03,0.00,0.00,1055.43,1055.43
97,14,4,93,3.94,0.00,0.00,366.42,366.42
98,14,33,42,7.08,0.00,0.00,297.36,297.36
99,15,46,131,14.73,0.00,0.00,1929.63,1929.63
100,15,13,61,6.20,0.00,0.00,378.20,378.20
101,15,18,91,12.10,0.00,0.00,1101.10,1101.10
102,15,24,144,13.94,0.00,0.00,2007.36,2007.36
103,15,53,151,12.72,0.00,0.00,1920.72,1920.72
104,15,30,119,5.62,0.00,0.00,668.78,668.78
105,15,33,96,6.97,0.00,0.00,669.12,669.12
106,16,45,176,11.38,0.00,0.00,2002.88,2002.88
107,16,6,84,3.57,0.00,0.00,299.88,299.88
108,16,19,87,20.37,0.00,0.00,1772.19,1772.19
109,16,2,98,8.11,0.00,0.00,794.78,794.78
110,16,25,161,3.59,0.00,0.00,577.99,577.99
111,16,4,32,4.12,0.00,0.00,131.84,131.84
112,16,11,63,2.26,0.00,0.00,142.38,142.38
113,17,39,108,16.98,0.00,0.00,1833.84,1833.84
114,17,52,100,23.34,0.00,0.00,2334.00,2334.00
115,17,1,126,8.43,0.00,0.00,1062.18,1062.18
116,17,15,147,1.86,0.00,0.00,273.42,273.42
117,17,17,149,18.69,0.00,0.00,2784.81,2784.81
118,17,60,163,1.56,0.00,0.00,254.28,254.28
119,17,59,131,1.99,0.00,0.00,260.69,260.69
120,18,1,102,7.98,0.00,0.00,813.96,813.96
121,18,33,57,6.79,0.00,0.00,387.03,387.03
122,18,43,116,10.78,0.00,0.00,1250.48,1250.48
123,18,54,113,5.68,0.00,0.00,641.84,641.84
124,18,57,96,4.09,0.00,0.00,392.64,392.64
125,18,24,106,13.95,0.00,0.00,1478.70,1478.70
126,18,36,162,11.68,0.00,0.00,1892.16,1892.16
127,19,58,133,2.97,0.00,0.00,395.01,395.01
128,19,4,65,4.22,0.00,0.00,274.30,274.30
129,19,52,157,24.69,0.00,0.00,3876.33,3876.33
130,19,55,96,2.63,0.00,0.00,252.48,252.48
131,19,60,133,1.49,0.00,0.00,198.17,198.17
132,19,56,39,5.90,0.00,0.00,230.10,230.10
133,19,39,176,17.16,0.00,0.00,3020.16,3020.16
134,20,22,151,12.05,0.00,0.00,1819.55,1819.55
135,20,47,121,15.79,0.00,0.00,1910.59,1910.59
136,20,46,73,15.02,0.00,0.00,1096.46,1096.46
137,20,15,172,1.85,0.00,0.00,318.20,318.20
138,20,44,54,9.27,0.00,0.00,500.58,500.58
139,20,35,96,12.73,0.00,0.00,1222.08,1222.08
140,20,41,173,18.34,0.00,0.00,3172.82,3172.82
141,21,12,120,3.43,0.00,0.00,411.60,411.60
142,21,44,108,9.23,0.00,0.00,996.84,996.84
143,21,58,114,2.88,0.00,0.00,328.32,328.32
144,21,22,179,11.34,0.00,0.00,2029.86,2029.86
145,21,42,60,5.37,0.00,0.00,322.20,322.20
146,21,6,179,3.48,0.00,0.00,622.92,622.92
147,21,15,48,1.90,0.00,0.00,91.20,91.20
148,22,13,106,6.04,0.00,0.00,640.24,640.24
149,22,33,68,6.55,0.00,0.00,445.40,445.40
150,22,8,81,5.26,0.00,0.00,426.06,426.06
151,22,56,175,6.08,0.00,0.00,1064.00,1064.00
152,22,44,147,8.97,0.00,0.00,1318.59,1318.59
153,22,25,76,3.88,0.00,0.00,294.88,294.88
154,22,34,154,6.77,0.00,0.00,1042.58,1042.58
155,23,12,83,3.62,0.00,0.00,300.46,300.46
156,23,21,73,5.50,0.00,0.00,401.50,401.50
157,23,41,70,17.85,0.00,0.00,1249.50,1249.50
158,23,4,52,3.98,0.00,0.00,206.96,206.96
159,23,1,141,8.25,0.00,0.00,1163.25,1163.25
160,23,29,133,7.16,0.00,0.00,952.28,952.28
161,23,18,152,12.12,0.00,0.00,1842.24,1842.24
162,24,3,165,6.83,0.00,0.00,1126.95,1126.95
163,24,35,31,12.61,0.00,0.00,390.91,390.91
164,24,13,93,5.92,0.00,0.00,550.56,550.56
165,24,47,118,15.48,0.00,0.00,1826.64,1826.64
166,24,24,56,14.23,0.00,0.00,796.88,796.88
167,24,1,180,7.98,0.00,0.00,1436.40,1436.40
168,24,21,46,5.64,0.00,0.00,259.44,259.44
169,25,20,116,6.96,0.00,0.00,807.36,807.36
170,25,19,64,19.70,0.00,0.00,1260.80,1260.80
171,25,30,155,5.63,0.00,0.00,872.65,872.65
172,25,47,78,15.25,0.00,0.00,1189.50,1189.50
173,25,34,133,6.56,0.00,0.00,872.48,872.48
174,25,39,87,17.01,0.00,0.00,1479.87,1479.87
175,25,56,63,5.68,0.00,0.00,357.84,357.84
176,26,2,39,7.89,0.00,0.00,307.71,307.71
177,26,38,95,4.98,0.00,0.00,473.10,473.10
178,26,33,42,6.86,0.00,0.00,288.12,288.12
179,26,11,42,2.27,0.00,0.00,95.34,95.34
180,26,8,35,5.10,0.00,0.00,178.50,178.50
181,26,24,59,14.28,0.00,0.00,842.52,842.52
182,26,46,127,13.98,0.00,0.00,1775.46,1775.46
183,27,17,32,18.69,0.00,0.00,598.08,598.08
184,27,31,55,3.08,0.00,0.00,169.40,169.40
185,27,45,99,11.21,0.00,0.00,1109.79,1109.79
186,27,10,65,6.37,0.00,0.00,414.05,414.05
187,27,14,56,2.08,0.00,0.00,116.48,116.48
188,27,58,60,2.86,0.00,0.00,171.60,171.60
189,27,44,57,9.30,0.00,0.00,530.10,530.10
190,28,39,121,16.97,0.00,0.00,2053.37,2053.37
191,28,13,105,5.88,0.00,0.00,617.40,617.40
192,28,50,170,13.05,0.00,0.00,2218.50,2218.50
193,28,17,83,19.43,0.00,0.00,1612.69,1612.69
194,28,54,153,5.39,0.00,0.00,824.67,824.67
195,28,34,30,6.55,0.00,0.00,196.50,196.50
196,28,59,52,2.05,0.00,0.00,106.60,106.60
197,29,54,160,5.25,0.00,0.00,840.00,840.00
198,29,37,55,5.60,0.00,0.00,308.00,308.00
199,29,43,89,10.24,0.00,0.00,911.36,911.36
200,29,32,105,17.17,0.00,0.00,1802.85,1802.85
201,29,10,42,6.16,0.00,0.00,258.72,258.72
202,29,6,74,3.58,0.00,0.00,264.92,264.92
203,29,50,104,12.87,0.00,0.00,1338.48,1338.48
204,30,44,41,8.84,0.00,0.00,362.44,362.44
205,30,21,65,5.55,0.00,0.00,360.75,360.75
206,30,28,73,2.73,0.00,0.00,199.29,199.29
207,30,48,142,18.38,0.00,0.00,2609.96,2609.96
208,30,8,98,5.54,0.00,0.00,542.92,542.92
209,30,7,53,3.95,0.00,0.00,209.35,209.35
210,30,49,117,10.32,0.00,0.00,1207.44,1207.44
211,31,26,152,3.52,0.00,0.00,535.04,535.04
212,31,60,72,1.45,0.00,0.00,104.40,104.40
213,31,30,45,5.98,0.00,0.00,269.10,269.10
214,31,18,70,11.77,0.00,0.00,823.90,823.90
215,31,54,153,5.65,0.00,0.00,864.45,864.45
216,31,25,142,3.65,0.00,0.00,518.30,518.30
217,31,45,127,11.38,0.00,0.00,1445.26,1445.26
218,32,40,153,8.97,0.00,0.00,1372.41,1372.41
219,32,2,58,8.30,0.00,0.00,481.40,481.40
220,32,56,142,5.58,0.00,0.00,792.36,792.36
221,32,44,96,9.44,0.00,0.00,906.24,906.24
222,32,54,33,5.59,0.00,0.00,184.47,184.47
223,32,47,164,16.20,0.00,0.00,2656.80,2656.80
224,32,9,177,2.16,0.00,0.00,382.32,382.32
225,33,15,54,1.90,0.00,0.00,102.60,102.60
226,33,43,93,10.26,0.00,0.00,954.18,954.18
227,33,56,128,5.64,0.00,0.00,721.92,721.92
228,33,22,172,12.03,0.00,0.00,2069.16,2069.16
229,33,34,43,6.55,0.00,0.00,281.65,281.65
230,33,58,70,2.92,0.00,0.00,204.40,204.40
231,33,45,150,11.46,0.00,0.00,1719.00,1719.00
232,34,56,114,6.13,0.00,0.00,698.82,698.82
233,34,11,42,2.23,0.00,0.00,93.66,93.66
234,34,5,170,2.80,0.00,0.00,476.00,476.00
235,34,49,133,11.00,0.00,0.00,1463.00,1463.00
236,34,32,50,17.51,0.00,0.00,875.50,875.50
237,34,21,176,5.43,0.00,0.00,955.68,955.68
238,34,16,157,3.63,0.00,0.00,569.91,569.91
239,35,8,135,5.09,0.00,0.00,687.15,687.15
240,35,32,170,16.70,0.00,0.00,2839.00,2839.00
241,35,48,53,18.09,0.00,0.00,958.77,958.77
242,35,42,107,5.60,0.00,0.00,599.20,599.20
243,35,2,173,7.76,0.00,0.00,1342.48,1342.48
244,35,7,146,4.18,0.00,0.00,610.28,610.28
245,35,26,123,3.53,0.00,0.00,434.19,434.19
246,36,53,151,12.88,0.00,0.00,1944.88,1944.88
247,36,15,123,1.95,0.00,0.00,239.85,239.85
248,36,55,59,2.43,0.00,0.00,143.37,143.37
249,36,30,86,5.43,0.00,0.00,466.98,466.98
250,36,22,120,11.96,0.00,0.00,1435.20,1435.20
251,36,36,104,11.43,0.00,0.00,1188.72,1188.72
252,36,50,125,13.31,0.00,0.00,1663.75,1663.75
253,37,3,134,6.77,0.00,0.00,907.18,907.18
254,37,58,80,2.83,0.00,0.00,226.40,226.40
255,37,11,130,2.17,0.00,0.00,282.10,282.10
256,37,32,78,17.96,0.00,0.00,1400.88,1400.88
257,37,9,57,2.16,0.00,0.00,123.12,123.12
258,37,53,41,13.15,0.00,0.00,539.15,539.15
259,37,46,180,13.98,0.00,0.00,2516.40,2516.40
260,38,58,157,2.78,0.00,0.00,436.46,436.46
261,38,29,42,7.25,0.00,0.00,304.50,304.50
262,38,30,140,5.90,0.00,0.00,826.00,826.00
263,38,43,153,10.72,0.00,0.00,1640.16,1640.16
264,38,38,75,4.94,0.00,0.00,370.50,370.50
265,38,33,74,6.96,0.00,0.00,515.04,515.04
266,38,9,62,2.03,0.00,0.00,125.86,125.86
267,39,43,137,10.77,0.00,0.00,1475.49,1475.49
268,39,39,93,16.25,0.00,0.00,1511.25,1511.25
269,39,59,117,2.06,0.00,0.00,241.02,241.02
270,39,57,145,4.15,0.00,0.00,601.75,601.75
271,39,21,65,5.41,0.00,0.00,351.65,351.65
272,39,33,161,6.66,0.00,0.00,1072.26,1072.26
273,39,25,170,3.91,0.00,0.00,664.70,664.70
274,40,46,104,14.80,0.00,0.00,1539.20,1539.20
275,40,48,63,18.43,0.00,0.00,1161.09,1161.09
276,40,36,75,11.38,0.00,0.00,853.50,853.50
277,40,41,112,18.25,0.00,0.00,2044.00,2044.00
278,40,14,120,2.09,0.00,0.00,250.80,250.80
279,40,13,179,6.13,0.00,0.00,1097.27,1097.27
280,40,56,136,5.95,0.00,0.00,809.20,809.20
281,41,58,33,2.93,0.00,0.00,96.69,96.69
282,41,54,36,5.41,0.00,0.00,194.76,194.76
283,41,35,43,12.66,0.00,0.00,544.38,544.38
284,41,19,81,19.54,0.00,0.00,1582.74,1582.74
285,41,55,71,2.65,0.00,0.00,188.15,188.15
286,41,28,94,2.68,0.00,0.00,251.92,251.92
287,41,52,45,23.97,0.00,0.00,1078.65,1078.65
288,42,19,145,19.21,0.00,0.00,2785.45,2785.45
289,42,14,173,2.16,0.00,0.00,373.68,373.68
290,42,49,173,10.54,0.00,0.00,1823.42,1823.42
291,42,35,160,12.80,0.00,0.00,2048.00,2048.00
292,42,3,103,7.19,0.00,0.00,740.57,740.57
293,42,23,42,7.20,0.00,0.00,302.40,302.40
294,42,53,129,12.50,0.00,0.00,1612.50,1612.50
295,43,51,94,17.10,0.00,0.00,1607.40,1607.40
296,43,44,143,9.61,0.00,0.00,1374.23,1374.23
297,43,21,124,5.60,0.00,0.00,694.40,694.40
298,43,36,169,11.65,0.00,0.00,1968.85,1968.85
299,43,4,80,4.24,0.00,0.00,339.20,339.20
300,43,1,79,7.97,0.00,0.00,629.63,629.63
301,43,48,75,18.43,0.00,0.00,1382.25,1382.25
302,44,5,40,2.74,0.00,0.00,109.60,109.60
303,44,12,172,3.45,0.00,0.00,593.40,593.40
304,44,59,71,1.99,0.00,0.00,141.29,141.29
305,44,48,95,16.71,0.00,0.00,1587.45,1587.45
306,44,33,149,6.94,0.00,0.00,1034.06,1034.06
307,44,8,69,5.09,0.00,0.00,351.21,351.21
308,44,25,112,3.81,0.00,0.00,426.72,426.72
309,45,50,176,13.12,0.00,0.00,2309.12,2309.12
310,45,41,48,18.38,0.00,0.00,882.24,882.24
311,45,40,111,8.63,0.00,0.00,957.93,957.93
312,45,54,77,5.49,0.00,0.00,422.73,422.73
313,45,43,159,9.93,0.00,0.00,1578.87,1578.87
314,45,20,169,7.04,0.00,0.00,1189.76,1189.76
315,45,32,53,17.32,0.00,0.00,917.96,917.96
316,46,57,85,4.21,0.00,0.00,357.85,357.85
317,46,14,165,2.07,0.00,0.00,341.55,341.55
318,46,43,173,10.61,0.00,0.00,1835.53,1835.53
319,46,22,32,11.13,0.00,0.00,356.16,356.16
320,46,60,118,1.50,0.00,0.00,177.00,177.00
321,46,24,92,15.06,0.00,0.00,1385.52,1385.52
322,46,19,112,19.77,0.00,0.00,2214.24,2214.24
323,47,51,36,18.34,0.00,0.00,660.24,660.24
324,47,8,125,5.35,0.00,0.00,668.75,668.75
325,47,25,160,3.75,0.00,0.00,600.00,600.00
326,47,17,41,18.68,0.00,0.00,765.88,765.88
327,47,35,79,12.23,0.00,0.00,966.17,966.17
328,47,47,51,16.49,0.00,0.00,840.99,840.99
329,47,19,72,20.95,0.00,0.00,1508.40,1508.40
330,48,50,84,13.53,0.00,0.00,1136.52,1136.52
331,48,35,138,12.87,0.00,0.00,1776.06,1776.06
332,48,59,82,1.98,0.00,0.00,162.36,162.36
333,48,1,141,8.26,0.00,0.00,1164.66,1164.66
334,48,41,48,18.31,0.00,0.00,878.88,878.88
335,48,5,69,2.63,0.00,0.00,181.47,181.47
336,48,14,114,1.98,0.00,0.00,225.72,225.72
337,49,5,177,2.85,0.00,0.00,504.45,504.45
338,49,4,96,4.09,0.00,0.00,392.64,392.64
339,49,12,145,3.58,0.00,0.00,519.10,519.10
340,49,51,140,17.30,0.00,0.00,2422.00,2422.00
341,49,17,129,19.40,0.00,0.00,2502.60,2502.60
342,49,36,166,10.82,0.00,0.00,1796.12,1796.12
343,49,60,46,1.55,0.00,0.00,71.30,71.30
344,50,38,57,4.75,0.00,0.00,270.75,270.75
345,50,3,107,7.13,0.00,0.00,762.91,762.91
346,50,45,102,11.36,0.00,0.00,1158.72,1158.72
347,50,55,142,2.50,0.00,0.00,355.00,355.00
348,50,5,37,2.75,0.00,0.00,101.75,101.75
349,50,23,166,6.72,0.00,0.00,1115.52,1115.52
350,50,33,130,7.00,0.00,0.00,910.00,910.00
351,51,55,125,2.65,0.00,0.00,331.25,331.25
352,51,35,32,12.52,0.00,0.00,400.64,400.64
353,51,19,172,19.29,0.00,0.00,3317.88,3317.88
354,51,41,40,16.99,0.00,0.00,679.60,679.60
355,51,10,130,6.44,0.00,0.00,837.20,837.20
356,51,20,51,6.87,0.00,0.00,350.37,350.37
357,51,44,118,9.03,0.00,0.00,1065.54,1065.54
358,52,58,86,2.95,0.00,0.00,253.70,253.70
359,52,42,94,5.23,0.00,0.00,491.62,491.62
360,52,55,76,2.57,0.00,0.00,195.32,195.32
361,52,33,175,7.04,0.00,0.00,1232.00,1232.00
362,52,10,170,6.40,0.00,0.00,1088.00,1088.00
363,52,11,170,2.13,0.00,0.00,362.10,362.10
364,52,12,47,3.44,0.00,0.00,161.68,161.68
365,53,13,90,5.85,0.00,0.00,526.50,526.50
366,53,47,47,16.41,0.00,0.00,771.27,771.27
367,53,38,111,4.84,0.00,0.00,537.24,537.24
368,53,32,114,17.78,0.00,0.00,2026.92,2026.92
369,53,22,108,11.80,0.00,0.00,1274.40,1274.40
370,53,23,69,6.96,0.00,0.00,480.24,480.24
371,53,9,123,2.17,0.00,0.00,266.91,266.91
372,54,28,141,2.72,0.00,0.00,383.52,383.52
373,54,11,122,2.15,0.00,0.00,262.30,262.30
374,54,1,114,8.45,0.00,0.00,963.30,963.30
375,54,21,148,5.43,0.00,0.00,803.64,803.64
376,54,16,108,3.65,0.00,0.00,394.20,394.20
377,54,51,57,17.05,0.00,0.00,971.85,971.85
378,54,15,50,1.98,0.00,0.00,99.00,99.00
379,55,55,49,2.59,0.00,0.00,126.91,126.91
380,55,53,34,13.05,0.00,0.00,443.70,443.70
381,55,9,37,2.18,0.00,0.00,80.66,80.66
382,55,35,178,12.33,0.00,0.00,2194.74,2194.74
383,55,13,84,6.34,0.00,0.00,532.56,532.56
384,55,17,171,18.61,0.00,0.00,3182.31,3182.31
385,55,47,168,15.74,0.00,0.00,2644.32,2644.32
386,56,50,104,12.57,0.00,0.00,1307.28,1307.28
387,56,10,158,6.43,0.00,0.00,1015.94,1015.94
388,56,24,131,14.20,0.00,0.00,1860.20,1860.20
389,56,26,32,3.48,0.00,0.00,111.36,111.36
390,56,15,72,1.96,0.00,0.00,141.12,141.12
391,56,60,65,1.50,0.00,0.00,97.50,97.50
392,56,38,75,4.88,0.00,0.00,366.00,366.00
393,57,37,121,5.13,0.00,0.00,620.73,620.73
394,57,43,154,10.00,0.00,0.00,1540.00,1540.00
395,57,56,97,5.77,0.00,0.00,559.69,559.69
396,57,10,40,6.53,0.00,0.00,261.20,261.20
397,57,48,162,18.30,0.00,0.00,2964.60,2964.60
398,57,47,122,15.60,0.00,0.00,1903.20,1903.20
399,57,31,146,3.15,0.00,0.00,459.90,459.90
400,58,3,100,7.29,0.00,0.00,729.00,729.00
401,58,42,97,5.43,0.00,0.00,526.71,526.71
402,58,21,175,5.28,0.00,0.00,924.00,924.00
403,58,7,126,3.95,0.00,0.00,497.70,497.70
404,58,46,49,14.55,0.00,0.00,712.95,712.95
405,58,34,126,7.22,0.00,0.00,909.72,909.72
406,58,41,87,17.90,0.00,0.00,1557.30,1557.30
407,59,23,31,6.91,0.00,0.00,214.21,214.21
408,59,53,65,12.53,0.00,0.00,814.45,814.45
409,59,56,88,5.60,0.00,0.00,492.80,492.80
410,59,60,101,1.47,0.00,0.00,148.47,148.47
411,59,32,77,16.98,0.00,0.00,1307.46,1307.46
412,59,51,60,17.90,0.00,0.00,1074.00,1074.00
413,59,31,136,3.12,0.00,0.00,424.32,424.32
414,60,47,71,16.01,0.00,0.00,1136.71,1136.71
415,60,8,135,5.08,0.00,0.00,685.80,685.80
416,60,31,41,2.92,0.00,0.00,119.72,119.72
417,60,44,71,8.96,0.00,0.00,636.16,636.16
418,60,58,161,2.79,0.00,0.00,449.19,449.19
419,60,56,176,5.64,0.00,0.00,992.64,992.64
420,60,14,72,2.03,0.00,0.00,146.16,146.16
421,61,12,102,3.69,0.00,0.00,376.38,376.38
422,61,34,85,6.86,0.00,0.00,583.10,583.10
423,61,26,150,3.55,0.00,0.00,532.50,532.50
424,61,39,73,16.16,0.00,0.00,1179.68,1179.68
425,61,37,135,5.43,0.00,0.00,733.05,733.05
426,61,41,179,18.44,0.00,0.00,3300.76,3300.76
427,61,2,76,8.09,0.00,0.00,614.84,614.84
428,62,33,47,6.62,0.00,0.00,311.14,311.14
429,62,17,128,18.37,0.00,0.00,2351.36,2351.36
430,62,11,34,2.16,0.00,0.00,73.44,73.44
431,62,47,159,16.07,0.00,0.00,2555.13,2555.13
432,62,44,68,9.40,0.00,0.00,639.20,639.20
433,62,22,75,11.55,0.00,0.00,866.25,866.25
434,62,30,39,5.93,0.00,0.00,231.27,231.27
435,63,35,63,12.95,0.00,0.00,815.85,815.85
436,63,33,168,7.02,0.00,0.00,1179.36,1179.36
437,63,49,140,10.68,0.00,0.00,1495.20,1495.20
438,63,8,124,5.54,0.00,0.00,686.96,686.96
439,63,6,165,3.43,0.00,0.00,565.95,565.95
440,63,31,153,3.12,0.00,0.00,477.36,477.36
441,63,43,127,10.13,0.00,0.00,1286.51,1286.51
442,64,52,138,22.66,0.00,0.00,3127.08,3127.08
443,64,48,152,18.05,0.00,0.00,2743.60,2743.60
444,64,49,51,10.43,0.00,0.00,531.93,531.93
445,64,54,169,5.43,0.00,0.00,917.67,917.67
446,64,45,78,10.52,0.00,0.00,820.56,820.56
447,64,37,31,5.42,0.00,0.00,168.02,168.02
448,64,7,60,4.01,0.00,0.00,240.60,240.60
449,65,25,122,3.62,0.00,0.00,441.64,441.64
450,65,42,139,5.47,0.00,0.00,760.33,760.33
451,65,14,94,2.03,0.00,0.00,190.82,190.82
452,65,45,167,10.99,0.00,0.00,1835.33,1835.33
453,65,52,123,23.78,0.00,0.00,2924.94,2924.94
454,65,21,131,5.60,0.00,0.00,733.60,733.60
455,65,27,135,5.38,0.00,0.00,726.30,726.30
456,66,36,94,11.94,0.00,0.00,1122.36,1122.36
457,66,31,177,2.98,0.00,0.00,527.46,527.46
458,66,12,131,3.61,0.00,0.00,472.91,472.91
459,66,24,60,14.76,0.00,0.00,885.60,885.60
460,66,60,144,1.55,0.00,0.00,223.20,223.20
461,66,56,71,5.62,0.00,0.00,399.02,399.02
462,66,59,160,1.95,0.00,0.00,312.00,312.00
463,67,22,43,11.19,0.00,0.00,481.17,481.17
464,67,52,31,24.24,0.00,0.00,751.44,751.44
465,67,36,67,11.35,0.00,0.00,760.45,760.45
466,67,40,141,8.26,0.00,0.00,1164.66,1164.66
467,67,45,97,10.76,0.00,0.00,1043.72,1043.72
468,67,44,50,9.40,0.00,0.00,470.00,470.00
469,67,46,128,15.16,0.00,0.00,1940.48,1940.48
470,68,26,44,3.57,0.00,0.00,157.08,157.08
471,68,40,74,8.73,0.00,0.00,646.02,646.02
472,68,42,142,5.13,0.00,0.00,728.46,728.46
473,68,34,162,6.74,0.00,0.00,1091.88,1091.88
474,68,19,38,20.58,0.00,0.00,782.04,782.04
475,68,46,160,14.55,0.00,0.00,2328.00,2328.00
476,68,39,89,16.82,0.00,0.00,1496.98,1496.98
477,69,44,52,9.76,0.00,0.00,507.52,507.52
478,69,3,132,6.95,0.00,0.00,917.40,917.40
479,69,24,131,14.26,0.00,0.00,1868.06,1868.06
480,69,16,81,3.66,0.00,0.00,296.46,296.46
481,69,42,47,5.62,0.00,0.00,264.14,264.14
482,69,1,170,7.96,0.00,0.00,1353.20,1353.20
483,69,11,173,2.32,0.00,0.00,401.36,401.36
484,70,23,146,7.21,0.00,0.00,1052.66,1052.66
485,70,60,177,1.44,0.00,0.00,254.88,254.88
486,70,53,74,12.49,0.00,0.00,924.26,924.26
487,70,18,57,12.33,0.00,0.00,702.81,702.81
488,70,15,158,1.87,0.00,0.00,295.46,295.46
489,70,39,59,17.13,0.00,0.00,1010.67,1010.67
490,70,13,95,6.32,0.00,0.00,600.40,600.40
491,71,53,174,12.59,0.00,0.00,2190.66,2190.66
492,71,51,92,18.07,0.00,0.00,1662.44,1662.44
493,71,37,147,5.48,0.00,0.00,805.56,805.56
494,71,17,180,19.76,0.00,0.00,3556.80,3556.80
495,71,45,153,10.65,0.00,0.00,1629.45,1629.45
496,71,29,47,7.13,0.00,0.00,335.11,335.11
497,71,25,86,3.84,0.00,0.00,330.24,330.24
498,72,15,32,1.95,0.00,0.00,62.40,62.40
499,72,52,97,22.93,0.00,0.00,2224.21,2224.21
500,72,21,53,5.40,0.00,0.00,286.20,286.20
501,72,27,117,5.12,0.00,0.00,599.04,599.04
502,72,23,75,6.89,0.00,0.00,516.75,516.75
503,72,34,120,6.70,0.00,0.00,804.00,804.00
504,72,35,176,12.16,0.00,0.00,2140.16,2140.16
505,73,48,91,18.24,0.00,0.00,1659.84,1659.84
506,73,44,82,9.05,0.00,0.00,742.10,742.10
507,73,13,93,6.29,0.00,0.00,584.97,584.97
508,73,32,121,16.98,0.00,0.00,2054.58,2054.58
509,73,60,57,1.45,0.00,0.00,82.65,82.65
510,73,58,50,2.97,0.00,0.00,148.50,148.50
511,73,16,156,3.69,0.00,0.00,575.64,575.64
512,74,49,110,10.65,0.00,0.00,1171.50,1171.50
513,74,55,177,2.62,0.00,0.00,463.74,463.74
514,74,35,155,12.06,0.00,0.00,1869.30,1869.30
515,74,3,160,6.90,0.00,0.00,1104.00,1104.00
516,74,59,86,2.02,0.00,0.00,173.72,173.72
517,74,31,62,2.89,0.00,0.00,179.18,179.18
518,74,24,138,14.37,0.00,0.00,1983.06,1983.06
519,75,35,74,12.40,0.00,0.00,917.60,917.60
520,75,3,60,7.19,0.00,0.00,431.40,431.40
521,75,33,147,6.67,0.00,0.00,980.49,980.49
522,75,23,32,6.57,0.00,0.00,210.24,210.24
523,75,26,83,3.38,0.00,0.00,280.54,280.54
524,75,44,55,9.14,0.00,0.00,502.70,502.70
525,75,50,96,12.64,0.00,0.00,1213.44,1213.44
526,76,17,77,19.07,0.00,0.00,1468.39,1468.39
527,76,16,83,3.62,0.00,0.00,300.46,300.46
528,76,18,125,12.09,0.00,0.00,1511.25,1511.25
529,76,31,132,2.96,0.00,0.00,390.72,390.72
530,76,40,76,8.67,0.00,0.00,658.92,658.92
531,76,22,177,11.80,0.00,0.00,2088.60,2088.60
532,76,24,55,14.72,0.00,0.00,809.60,809.60
533,77,52,67,24.23,0.00,0.00,1623.41,1623.41
534,77,16,68,3.64,0.00,0.00,247.52,247.52
535,77,36,32,11.01,0.00,0.00,352.32,352.32
536,77,28,157,2.68,0.00,0.00,420.76,420.76
537,77,55,162,2.54,0.00,0.00,411.48,411.48
538,77,25,110,3.88,0.00,0.00,426.80,426.80
539,77,13,106,5.94,0.00,0.00,629.64,629.64
540,78,55,45,2.46,0.00,0.00,110.70,110.70
541,78,37,95,5.37,0.00,0.00,510.15,510.15
542,78,4,54,4.11,0.00,0.00,221.94,221.94
543,78,26,115,3.34,0.00,0.00,384.10,384.10
544,78,7,122,4.02,0.00,0.00,490.44,490.44
545,78,45,95,10.90,0.00,0.00,1035.50,1035.50
546,78,11,135,2.15,0.00,0.00,290.25,290.25
547,79,56,167,5.66,0.00,0.00,945.22,945.22
548,79,44,102,9.17,0.00,0.00,935.34,935.34
549,79,39,160,16.61,0.00,0.00,2657.60,2657.60
550,79,13,144,6.33,0.00,0.00,911.52,911.52
551,79,37,127,5.44,0.00,0.00,690.88,690.88
552,79,60,148,1.53,0.00,0.00,226.44,226.44
553,79,42,67,5.59,0.00,0.00,374.53,374.53
554,80,41,133,18.49,0.00,0.00,2459.17,2459.17
555,80,52,48,22.53,0.00,0.00,1081.44,1081.44
556,80,22,117,11.27,0.00,0.00,1318.59,1318.59
557,80,27,111,5.43,0.00,0.00,602.73,602.73
558,80,60,98,1.53,0.00,0.00,149.94,149.94
559,80,40,131,8.41,0.00,0.00,1101.71,1101.71
560,80,37,143,5.53,0.00,0.00,790.79,790.79
561,81,24,77,14.91,0.00,0.00,1148.07,1148.07
562,81,48,62,17.98,0.00,0.00,1114.76,1114.76
563,81,38,94,5.06,0.00,0.00,475.64,475.64
564,81,34,50,6.69,0.00,0.00,334.50,334.50
565,81,29,131,6.92,0.00,0.00,906.52,906.52
566,81,27,46,5.58,0.00,0.00,256.68,256.68
567,81,11,151,2.24,0.00,0.00,338.24,338.24
568,82,2,97,8.08,0.00,0.00,783.76,783.76
569,82,50,51,13.25,0.00,0.00,675.75,675.75
570,82,26,129,3.35,0.00,0.00,432.15,432.15
571,82,34,93,7.05,0.00,0.00,655.65,655.65
572,82,49,143,10.79,0.00,0.00,1542.97,1542.97
573,82,6,63,3.46,0.00,0.00,217.98,217.98
574,82,7,73,3.81,0.00,0.00,278.13,278.13
575,83,43,168,10.73,0.00,0.00,1802.64,1802.64
576,83,23,170,6.87,0.00,0.00,1167.90,1167.90
577,83,56,168,5.66,0.00,0.00,950.88,950.88
578,83,21,146,5.53,0.00,0.00,807.38,807.38
579,83,58,174,2.90,0.00,0.00,504.60,504.60
580,83,31,166,2.97,0.00,0.00,493.02,493.02
581,83,30,118,5.70,0.00,0.00,672.60,672.60
582,84,15,96,1.84,0.00,0.00,176.64,176.64
583,84,52,32,22.34,0.00,0.00,714.88,714.88
584,84,6,64,3.40,0.00,0.00,217.60,217.60
585,84,29,150,7.24,0.00,0.00,1086.00,1086.00
586,84,20,155,7.32,0.00,0.00,1134.60,1134.60
587,84,24,152,14.11,0.00,0.00,2144.72,2144.72
588,84,27,140,5.51,0.00,0.00,771.40,771.40
589,85,39,135,17.27,0.00,0.00,2331.45,2331.45
590,85,15,141,1.89,0.00,0.00,266.49,266.49
591,85,51,71,18.00,0.00,0.00,1278.00,1278.00
592,85,1,129,8.41,0.00,0.00,1084.89,1084.89
593,85,36,86,11.11,0.00,0.00,955.46,955.46
594,85,24,138,14.58,0.00,0.00,2012.04,2012.04
595,85,13,162,6.25,0.00,0.00,1012.50,1012.50
596,86,59,166,2.03,0.00,0.00,336.98,336.98
597,86,40,135,8.34,0.00,0.00,1125.90,1125.90
598,86,52,47,22.77,0.00,0.00,1070.19,1070.19
599,86,45,104,10.64,0.00,0.00,1106.56,1106.56
600,86,44,146,9.41,0.00,0.00,1373.86,1373.86
601,86,18,99,12.51,0.00,0.00,1238.49,1238.49
602,86,19,155,19.39,0.00,0.00,3005.45,3005.45
603,87,2,102,7.81,0.00,0.00,796.62,796.62
604,87,10,142,6.57,0.00,0.00,932.94,932.94
605,87,4,89,3.96,0.00,0.00,352.44,352.44
606,87,35,33,12.44,0.00,0.00,410.52,410.52
607,87,60,117,1.50,0.00,0.00,175.50,175.50
608,87,12,157,3.71,0.00,0.00,582.47,582.47
609,87,7,148,4.08,0.00,0.00,603.84,603.84
610,88,3,98,7.24,0.00,0.00,709.52,709.52
611,88,22,48,11.63,0.00,0.00,558.24,558.24
612,88,6,76,3.34,0.00,0.00,253.84,253.84
613,88,54,94,5.65,0.00,0.00,531.10,531.10
614,88,49,33,10.26,0.00,0.00,338.58,338.58
615,88,10,93,6.35,0.00,0.00,590.55,590.55
616,88,4,143,4.03,0.00,0.00,576.29,576.29
617,89,3,83,7.03,0.00,0.00,583.49,583.49
618,89,13,109,6.36,0.00,0.00,693.24,693.24
619,89,30,70,5.78,0.00,0.00,404.60,404.60
620,89,48,40,18.01,0.00,0.00,720.40,720.40
621,89,50,170,13.08,0.00,0.00,2223.60,2223.60
622,89,7,94,3.99,0.00,0.00,375.06,375.06
623,89,34,106,6.68,0.00,0.00,708.08,708.08
624,90,57,141,3.96,0.00,0.00,558.36,558.36
625,90,4,72,4.25,0.00,0.00,306.00,306.00
626,90,56,179,5.63,0.00,0.00,1007.77,1007.77
627,90,43,92,9.78,0.00,0.00,899.76,899.76
628,90,14,40,2.10,0.00,0.00,84.00,84.00
629,90,8,151,5.44,0.00,0.00,821.44,821.44
630,90,16,69,3.60,0.00,0.00,248.40,248.40
631,91,6,116,3.60,0.00,0.00,417.60,417.60
632,91,16,45,3.49,0.00,0.00,157.05,157.05
633,91,11,69,2.27,0.00,0.00,156.63,156.63
634,91,32,57,16.92,0.00,0.00,964.44,964.44
635,91,60,89,1.48,0.00,0.00,131.72,131.72
636,91,44,172,9.57,0.00,0.00,1646.04,1646.04
637,91,40,118,8.87,0.00,0.00,1046.66,1046.66
638,92,29,64,7.03,0.00,0.00,449.92,449.92
639,92,47,40,15.76,0.00,0.00,630.40,630.40
640,92,13,142,6.13,0.00,0.00,870.46,870.46
641,92,2,168,8.15,0.00,0.00,1369.20,1369.20
642,92,45,78,11.14,0.00,0.00,868.92,868.92
643,92,25,169,3.71,0.00,0.00,626.99,626.99
644,92,23,149,6.75,0.00,0.00,1005.75,1005.75
645,93,54,69,5.45,0.00,0.00,376.05,376.05
646,93,39,97,16.70,0.00,0.00,1619.90,1619.90
647,93,56,146,5.56,0.00,0.00,811.76,811.76
648,93,36,159,11.24,0.00,0.00,1787.16,1787.16
649,93,11,77,2.32,0.00,0.00,178.64,178.64
650,93,5,123,2.84,0.00,0.00,349.32,349.32
651,93,34,91,6.77,0.00,0.00,616.07,616.07
652,94,5,157,2.83,0.00,0.00,444.31,444.31
653,94,43,69,10.40,0.00,0.00,717.60,717.60
654,94,35,112,12.34,0.00,0.00,1382.08,1382.08
655,94,53,112,12.12,0.00,0.00,1357.44,1357.44
656,94,25,163,3.83,0.00,0.00,624.29,624.29
657,94,13,41,6.29,0.00,0.00,257.89,257.89
658,94,34,63,6.67,0.00,0.00,420.21,420.21
659,95,3,176,7.15,0.00,0.00,1258.40,1258.40
660,95,13,129,6.19,0.00,0.00,798.51,798.51
661,95,7,164,4.05,0.00,0.00,664.20,664.20
662,95,32,95,16.79,0.00,0.00,1595.05,1595.05
663,95,59,86,1.99,0.00,0.00,171.14,171.14
664,95,58,48,2.78,0.00,0.00,133.44,133.44
665,95,60,83,1.53,0.00,0.00,126.99,126.99
666,96,60,45,1.49,0.00,0.00,67.05,67.05
667,96,57,136,4.16,0.00,0.00,565.76,565.76
668,96,54,44,5.66,0.00,0.00,249.04,249.04
669,96,6,98,3.46,0.00,0.00,339.08,339.08
670,96,30,48,5.90,0.00,0.00,283.20,283.20
671,96,52,49,24.57,0.00,0.00,1203.93,1203.93
672,96,41,162,17.15,0.00,0.00,2778.30,2778.30
673,97,47,93,15.89,0.00,0.00,1477.77,1477.77
674,97,15,75,1.92,0.00,0.00,144.00,144.00
675,97,35,172,12.34,0.00,0.00,2122.48,2122.48
676,97,25,57,3.87,0.00,0.00,220.59,220.59
677,97,13,177,6.00,0.00,0.00,1062.00,1062.00
678,97,56,147,5.97,0.00,0.00,877.59,877.59
679,97,34,139,7.15,0.00,0.00,993.85,993.85
680,98,11,70,2.24,0.00,0.00,156.80,156.80
681,98,51,143,18.38,0.00,0.00,2628.34,2628.34
682,98,12,110,3.55,0.00,0.00,390.50,390.50
683,98,36,113,11.77,0.00,0.00,1330.01,1330.01
684,98,26,135,3.51,0.00,0.00,473.85,473.85
685,98,33,140,7.02,0.00,0.00,982.80,982.80
686,98,22,112,11.71,0.00,0.00,1311.52,1311.52
687,99,37,95,5.30,0.00,0.00,503.50,503.50
688,99,35,145,12.38,0.00,0.00,1795.10,1795.10
689,99,14,131,1.98,0.00,0.00,259.38,259.38
690,99,25,38,3.95,0.00,0.00,150.10,150.10
691,99,50,34,13.07,0.00,0.00,444.38,444.38
692,99,36,107,10.82,0.00,0.00,1157.74,1157.74
693,99,48,86,17.08,0.00,0.00,1468.88,1468.88
694,100,21,171,5.47,0.00,0.00,935.37,935.37
695,100,2,176,8.33,0.00,0.00,1466.08,1466.08
696,100,50,69,12.52,0.00,0.00,863.88,863.88
697,100,53,147,12.43,0.00,0.00,1827.21,1827.21
698,100,45,65,10.81,0.00,0.00,702.65,702.65
699,100,57,179,3.93,0.00,0.00,703.47,703.47
700,100,18,95,12.64,0.00,0.00,1200.80,1200.80
