id_venta,numero_venta,fecha_venta,id_sucursal,id_cliente,metodo_pago,subtotal,descuento_total,impuesto_total,total_venta,estado
1,VTA-000001,2025-01-02 04:40:06,3,81,TARJETA,0.00,0.00,0.00,0.00,FINALIZADA
2,VTA-000002,2025-01-02 15:53:07,7,106,TARJETA,0.00,0.00,0.00,0.00,FINALIZADA
3,VTA-000003,2025-01-03 06:06:35,3,160,TRANSFERENCIA,0.00,0.00,0.00,0.00,FINALIZADA
4,VTA-000004,2025-01-05 02:35:38,5,4,TARJETA,0.00,0.00,0.00,0.00,FINALIZADA
5,VTA-000005,2025-01-06 15:11:08,6,64,TARJETA,0.00,0.00,0.00,0.00,FINALIZADA
6,VTA-000006,2025-01-06 19:45:34,3,100,TARJETA,0.00,0.00,0.00,0.00,FINALIZADA
7,VTA-000007,2025-01-07 09:01:46,1,202,SINPE,0.00,0.00,0.00,0.00,FINALIZADA
8,VTA-000008,2025-01-08 00:23:18,5,32,TARJETA,0.00,0.00,0.00,0.00,FINALIZADA
9,VTA-000009,2025-01-08 06:28:06,2,205,SINPE,0.00,0.00,0.00,0.00,FINALIZADA
10,VTA-000010,2025-01-08 08:50:47,2,213,SINPE,0.00,0.00,0.00,0.00,FINALIZADA
11,VTA-000011,2025-01-08 09:16:33,3,17,TARJETA,0.00,0.00,0.00,0.00,FINALIZADA
12,VTA-000012,2025-01-09 08:19:12,2,26,EFECTIVO,0.00,0.00,0.00,0.00,FINALIZADA
13,VTA-000013,2025-01-09 17:31:52,4,54,TARJETA,0.00,0.00,0.00,0.00,FINALIZADA
14,VTA-000014,2025-01-10 15:06:42,3,115,TARJETA,0.00,0.00,0.00,0.00,FINALIZADA
15,VTA-000015,2025-01-10 16:24:32,6,,EFECTIVO,0.00,0.00,0.00,0.00,FINALIZADA
16,VTA-000016,2025-01-11 03:07:30,3,123,EFECTIVO,0.00,0.00,0.00,0.00,FINALIZADA
17,VTA-000017,2025-01-11 10:43:28,6,98,EFECTIVO,0.00,0.00,0.00,0.00,FINALIZADA
18,VTA-000018,2025-01-12 07:23:37,6,214,TARJETA,0.00,0.00,0.00,0.00,FINALIZADA
19,VTA-000019,2025-01-12 12:41:22,2,57,SINPE,0.00,0.00,0.00,0.00,FINALIZADA
20,VTA-000020,2025-01-13 02:33:17,3,137,SINPE,0.00,0.00,0.00,0.00,FINALIZADA
21,VTA-000021,2025-01-13 06:31:10,7,,EFECTIVO,0.00,0.00,0.00,0.00,FINALIZADA
22,VTA-000022,2025-01-15 05:10:42,2,,TARJETA,0.00,0.00,0.00,0.00,FINALIZADA
23,VTA-000023,2025-01-15 12:32:49,6,,TARJETA,0.00,0.00,0.00,0.00,FINALIZADA
24,VTA-000024,2025-01-15 14:39:18,5,157,TRANSFERENCIA,0.00,0.00,0.00,0.00,FINALIZADA
25,VTA-000025,2025-01-15 20:48:30,4,173,TARJETA,0.00,0.00,0.00,0.00,FINALIZADA
26,VTA-000026,2025-01-16 23:33:33,7,113,TARJETA,0.00,0.00,0.00,0.00,FINALIZADA
27,VTA-000027,2025-01-17 07:11:00,4,31,SINPE,0.00,0.00,0.00,0.00,FINALIZADA
28,VTA-000028,2025-01-17 22:58:56,2,71,SINPE,0.00,0.00,0.00,0.00,FINALIZADA
29,VTA-000029,2025-01-18 01:32:26,1,78,SINPE,0.00,0.00,0.00,0.00,FINALIZADA
30,VTA-000030,2025-01-18 02:23:20,5,23,TARJETA,0.00,0.00,0.00,0.00,FINALIZADA
31,VTA-000031,2025-01-18 04:11:57,1,197,TARJETA,0.00,0.00,0.00,0.00,FINALIZADA
32,VTA-000032,2025-01-18 12:32:04,1,208,SINPE,0.00,0.00,0.00,0.00,FINALIZADA
33,VTA-000033,2025-01-18 13:50:30,1,77,TARJETA,0.00,0.00,0.00,0.00,FINALIZADA
34,VTA-000034,2025-01-18 16:53:50,5,31,TARJETA,0.00,0.00,0.00,0.00,FINALIZADA
35,VTA-000035,2025-01-18 19:04:14,7,,SINPE,0.00,0.00,0.00,0.00,FINALIZADA
36,VTA-000036,2025-01-18 22:34:13,6,219,TARJETA,0.00,0.00,0.00,0.00,FINALIZADA
37,VTA-000037,2025-01-20 14:17:02,1,110,TARJETA,0.00,0.00,0.00,0.00,FINALIZADA
38,VTA-000038,2025-01-21 00:35:53,1,159,EFECTIVO,0.00,0.00,0.00,0.00,FINALIZADA
39,VTA-000039,2025-01-21 03:32:20,2,151,TARJETA,0.00,0.00,0.00,0.00,FINALIZADA
40,VTA-000040,2025-01-21 05:40:16,5,53,EFECTIVO,0.00,0.00,0.00,0.00,FINALIZADA
41,VTA-000041,2025-01-21 09:04:32,1,87,TARJETA,0.00,0.00,0.00,0.00,FINALIZADA
42,VTA-000042,2025-01-21 11:53:30,7,3,TARJETA,0.00,0.00,0.00,0.00,FINALIZADA
43,VTA-000043,2025-01-22 00:30:32,2,139,TARJETA,0.00,0.00,0.00,0.00,FINALIZADA
44,VTA-000044,2025-01-22 04:58:36,3,52,SINPE,0.00,0.00,0.00,0.00,FINALIZADA
45,VTA-000045,2025-01-22 06:52:54,4,,TARJETA,0.00,0.00,0.00,0.00,FINALIZADA
46,VTA-000046,2025-01-22 09:13:59,5,219,EFECTIVO,0.00,0.00,0.00,0.00,FINALIZADA
47,VTA-000047,2025-01-22 15:30:27,3,97,SINPE,0.00,0.00,0.00,0.00,FINALIZADA
48,VTA-000048,2025-01-22 17:14:14,7,210,TARJETA,0.00,0.00,0.00,0.00,FINALIZADA
49,VTA-000049,2025-01-22 18:24:05,7,38,SINPE,0.00,0.00,0.00,0.00,FINALIZADA
50,VTA-000050,2025-01-23 05:31:47,7,207,EFECTIVO,0.00,0.00,0.00,0.00,FINALIZADA
51,VTA-000051,2025-01-23 19:36:40,1,,TARJETA,0.00,0.00,0.00,0.00,FINALIZADA
52,VTA-000052,2025-01-24 07:47:13,2,46,TARJETA,0.00,0.00,0.00,0.00,FINALIZADA
53,VTA-000053,2025-01-25 03:41:13,3,55,TARJETA,0.00,0.00,0.00,0.00,FINALIZADA
54,VTA-000054,2025-01-25 12:13:43,6,208,SINPE,0.00,0.00,0.00,0.00,FINALIZADA
55,VTA-000055,2025-01-25 22:58:09,3,123,TARJETA,0.00,0.00,0.00,0.00,FINALIZADA
56,VTA-000056,2025-01-26 04:39:38,1,166,SINPE,0.00,0.00,0.00,0.00,FINALIZADA
57,VTA-000057,2025-01-26 10:30:23,7,44,EFECTIVO,0.00,0.00,0.00,0.00,FINALIZADA
58,VTA-000058,2025-01-26 16:26:06,2,,TARJETA,0.00,0.00,0.00,0.00,FINALIZADA
59,VTA-000059,2025-01-27 08:16:40,2,83,SINPE,0.00,0.00,0.00,0.00,FINALIZADA
60,VTA-000060,2025-01-27 12:00:59,1,183,TRANSFERENCIA,0.00,0.00,0.00,0.00,FINALIZADA
61,VTA-000061,2025-01-28 15:57:08,3,32,TARJETA,0.00,0.00,0.00,0.00,FINALIZADA
62,VTA-000062,2025-01-28 20:43:16,5,125,SINPE,0.00,0.00,0.00,0.00,FINALIZADA
63,VTA-000063,2025-01-29 07:39:32,1,199,TARJETA,0.00,0.00,0.00,0.00,FINALIZADA
64,VTA-000064,2025-01-29 21:50:04,7,85,TARJETA,0.00,0.00,0.00,0.00,FINALIZADA
65,VTA-000065,2025-01-30 17:11:33,5,127,SINPE,0.00,0.00,0.00,0.00,FINALIZADA
66,VTA-000066,2025-01-30 18:32:16,5,206,TARJETA,0.00,0.00,0.00,0.00,FINALIZADA
67,VTA-000067,2025-01-31 07:46:34,5,149,TARJETA,0.00,0.00,0.00,0.00,FINALIZADA
68,VTA-000068,2025-01-31 08:32:45,3,43,SINPE,0.00,0.00,0.00,0.00,FINALIZADA
69,VTA-000069,2025-01-31 09:04:05,6,173,EFECTIVO,0.00,0.00,0.00,0.00,FINALIZADA
70,VTA-000070,2025-01-31 12:39:04,3,29,EFECTIVO,0.00,0.00,0.00,0.00,FINALIZADA
71,VTA-000071,2025-02-01 03:14:32,3,20,EFECTIVO,0.00,0.00,0.00,0.00,FINALIZADA
72,VTA-000072,2025-02-01 08:23:21,1,23,SINPE,0.00,0.00,0.00,0.00,FINALIZADA
73,VTA-000073,2025-02-02 00:11:46,2,140,SINPE,0.00,0.00,0.00,0.00,FINALIZADA
74,VTA-000074,2025-02-02 01:22:34,4,141,TARJETA,0.00,0.00,0.00,0.00,FINALIZADA
75,VTA-000075,2025-02-02 15:11:56,2,59,TARJETA,0.00,0.00,0.00,0.00,FINALIZADA
76,VTA-000076,2025-02-02 17:33:18,1,186,SINPE,0.00,0.00,0.00,0.00,FINALIZADA
77,VTA-000077,2025-02-03 00:59:37,3,179,EFECTIVO,0.00,0.00,0.00,0.00,FINALIZADA
78,VTA-000078,2025-02-03 05:14:28,7,,TARJETA,0.00,0.00,0.00,0.00,FINALIZADA
79,VTA-000079,2025-02-03 19:44:11,2,141,TRANSFERENCIA,0.00,0.00,0.00,0.00,FINALIZADA
80,VTA-000080,2025-02-04 02:18:31,6,174,SINPE,0.00,0.00,0.00,0.00,FINALIZADA
81,VTA-000081,2025-02-04 08:22:47,2,170,TRANSFERENCIA,0.00,0.00,0.00,0.00,FINALIZADA
82,VTA-000082,2025-02-05 08:24:55,1,44,TARJETA,0.00,0.00,0.00,0.00,FINALIZADA
83,VTA-000083,2025-02-05 16:37:04,4,56,SINPE,0.00,0.00,0.00,0.00,FINALIZADA
84,VTA-000084,2025-02-05 20:21:08,5,,TARJETA,0.00,0.00,0.00,0.00,FINALIZADA
85,VTA-000085,2025-02-06 01:08:27,4,88,SINPE,0.00,0.00,0.00,0.00,FINALIZADA
86,VTA-000086,2025-02-06 02:19:59,1,119,SINPE,0.00,0.00,0.00,0.00,FINALIZADA
87,VTA-000087,2025-02-07 07:49:26,6,126,TARJETA,0.00,0.00,0.00,0.00,FINALIZADA
88,VTA-000088,2025-02-07 18:49:45,3,152,EFECTIVO,0.00,0.00,0.00,0.00,FINALIZADA
89,VTA-000089,2025-02-08 01:18:46,1,106,EFECTIVO,0.00,0.00,0.00,0.00,FINALIZADA
90,VTA-000090,2025-02-08 01:25:07,3,143,SINPE,0.00,0.00,0.00,0.00,FINALIZADA
91,VTA-000091,2025-02-08 02:01:26,2,52,TARJETA,0.00,0.00,0.00,0.00,FINALIZADA
92,VTA-000092,2025-02-08 04:00:21,2,119,SINPE,0.00,0.00,0.00,0.00,FINALIZADA
93,VTA-000093,2025-02-08 07:49:03,7,,SINPE,0.00,0.00,0.00,0.00,FINALIZADA
94,VTA-000094,2025-02-09 13:06:06,5,76,SINPE,0.00,0.00,0.00,0.00,FINALIZADA
95,VTA-000095,2025-02-10 10:40:26,5,,TARJETA,0.00,0.00,0.00,0.00,FINALIZADA
96,VTA-000096,2025-02-10 17:15:11,3,11,TARJETA,0.00,0.00,0.00,0.00,FINALIZADA
97,VTA-000097,2025-02-10 20:16:22,3,174,EFECTIVO,0.00,0.00,0.00,0.00,FINALIZADA
98,VTA-000098,2025-02-10 20:45:50,4,105,TARJETA,0.00,0.00,0.00,0.00,FINALIZADA
99,VTA-000099,2025-02-11 04:38:35,6,21,TARJETA,0.00,0.00,0.00,0.00,FINALIZADA
100,VTA-000100,2025-02-11 11:34:43,2,,TARJETA,0.00,0.00,0.00,0.00,FINALIZADA
101,VTA-000101,2025-02-11 16:20:12,2,98,TARJETA,0.00,0.00,0.00,0.00,FINALIZADA
102,VTA-000102,2025-02-11 21:37:15,1,167,TARJETA,0.00,0.00,0.00,0.00,FINALIZADA
103,VTA-000103,2025-02-11 22:41:39,1,18,TARJETA,0.00,0.00,0.00,0.00,FINALIZADA
104,VTA-000104,2025-02-12 04:34:58,3,,SINPE,0.00,0.00,0.00,0.00,FINALIZADA
105,VTA-000105,2025-02-12 05:34:24,5,210,TARJETA,0.00,0.00,0.00,0.00,FINALIZADA
106,VTA-000106,2025-02-12 10:54:06,3,11,SINPE,0.00,0.00,0.00,0.00,FINALIZADA
107,VTA-000107,2025-02-12 20:13:16,4,93,SINPE,0.00,0.00,0.00,0.00,FINALIZADA
108,VTA-000108,2025-02-13 00:59:37,1,197,SINPE,0.00,0.00,0.00,0.00,FINALIZADA
109,VTA-000109,2025-02-13 02:05:47,7,127,EFECTIVO,0.00,0.00,0.00,0.00,FINALIZADA
110,VTA-000110,2025-02-13 05:11:09,2,85,TARJETA,0.00,0.00,0.00,0.00,FINALIZADA
111,VTA-000111,2025-02-13 06:09:37,1,49,SINPE,0.00,0.00,0.00,0.00,FINALIZADA
112,VTA-000112,2025-02-13 18:14:43,6,122,TARJETA,0.00,0.00,0.00,0.00,FINALIZADA
113,VTA-000113,2025-02-13 20:11:01,3,44,TARJETA,0.00,0.00,0.00,0.00,FINALIZADA
114,VTA-000114,2025-02-13 20:52:33,3,175,TARJETA,0.00,0.00,0.00,0.00,FINALIZADA
115,VTA-000115,2025-02-14 02:26:03,5,193,TARJETA,0.00,0.00,0.00,0.00,FINALIZADA
116,VTA-000116,2025-02-14 05:02:07,5,186,TARJETA,0.00,0.00,0.00,0.00,FINALIZADA
117,VTA-000117,2025-02-14 06:16:14,5,58,TARJETA,0.00,0.00,0.00,0.00,FINALIZADA
118,VTA-000118,2025-02-15 02:11:18,4,81,TRANSFERENCIA,0.00,0.00,0.00,0.00,FINALIZADA
119,VTA-000119,2025-02-15 09:02:48,2,,TARJETA,0.00,0.00,0.00,0.00,FINALIZADA
120,VTA-000120,2025-02-15 16:35:07,2,30,EFECTIVO,0.00,0.00,0.00,0.00,FINALIZADA
121,VTA-000121,2025-02-16 22:33:24,3,134,EFECTIVO,0.00,0.00,0.00,0.00,FINALIZADA
122,VTA-000122,2025-02-17 04:22:08,7,128,SINPE,0.00,0.00,0.00,0.00,FINALIZADA
123,VTA-000123,2025-02-17 09:20:20,5,135,TARJETA,0.00,0.00,0.00,0.00,FINALIZADA
124,VTA-000124,2025-02-17 11:42:09,6,214,TARJETA,0.00,0.00,0.00,0.00,FINALIZADA
125,VTA-000125,2025-02-18 18:24:35,2,22,SINPE,0.00,0.00,0.00,0.00,FINALIZADA
126,VTA-000126,2025-02-20 03:39:01,4,18,TARJETA,0.00,0.00,0.00,0.00,FINALIZADA
127,VTA-000127,2025-02-20 09:00:50,5,187,SINPE,0.00,0.00,0.00,0.00,FINALIZADA
128,VTA-000128,2025-02-20 16:41:59,1,79,SINPE,0.00,0.00,0.00,0.00,FINALIZADA
129,VTA-000129,2025-02-21 05:34:45,1,111,EFECTIVO,0.00,0.00,0.00,0.00,FINALIZADA
130,VTA-000130,2025-02-21 05:54:09,7,203,TARJETA,0.00,0.00,0.00,0.00,FINALIZADA
131,VTA-000131,2025-02-21 08:32:59,7,149,EFECTIVO,0.00,0.00,0.00,0.00,FINALIZADA
132,VTA-000132,2025-02-22 09:05:11,4,102,SINPE,0.00,0.00,0.00,0.00,FINALIZADA
133,VTA-000133,2025-02-22 17:20:29,7,126,EFECTIVO,0.00,0.00,0.00,0.00,FINALIZADA
134,VTA-000134,2025-02-22 17:31:18,1,107,SINPE,0.00,0.00,0.00,0.00,FINALIZADA
135,VTA-000135,2025-02-22 23:22:59,3,92,TRANSFERENCIA,0.00,0.00,0.00,0.00,FINALIZADA
136,VTA-000136,2025-02-23 00:17:10,1,108,EFECTIVO,0.00,0.00,0.00,0.00,FINALIZADA
137,VTA-000137,2025-02-23 08:00:10,3,,TARJETA,0.00,0.00,0.00,0.00,FINALIZADA
138,VTA-000138,2025-02-23 11:12:09,6,80,TARJETA,0.00,0.00,0.00,0.00,FINALIZADA
139,VTA-000139,2025-02-23 15:16:30,2,135,SINPE,0.00,0.00,0.00,0.00,FINALIZADA
140,VTA-000140,2025-02-23 22:17:50,1,136,TARJETA,0.00,0.00,0.00,0.00,FINALIZADA
141,VTA-000141,2025-02-24 11:16:42,4,42,EFECTIVO,0.00,0.00,0.00,0.00,FINALIZADA
142,VTA-000142,2025-02-25 16:16:57,3,27,SINPE,0.00,0.00,0.00,0.00,FINALIZADA
143,VTA-000143,2025-02-26 03:46:23,1,214,TARJETA,0.00,0.00,0.00,0.00,FINALIZADA
144,VTA-000144,2025-02-26 04:42:32,6,57,TARJETA,0.00,0.00,0.00,0.00,FINALIZADA
145,VTA-000145,2025-02-26 06:57:02,2,46,TARJETA,0.00,0.00,0.00,0.00,FINALIZADA
146,VTA-000146,2025-02-26 15:07:36,3,,TARJETA,0.00,0.00,0.00,0.00,FINALIZADA
147,VTA-000147,2025-02-26 23:34:45,5,75,TARJETA,0.00,0.00,0.00,0.00,FINALIZADA
148,VTA-000148,2025-02-27 00:51:04,5,53,SINPE,0.00,0.00,0.00,0.00,FINALIZADA
149,VTA-000149,2025-02-27 05:37:34,6,65,TARJETA,0.00,0.00,0.00,0.00,FINALIZADA
150,VTA-000150,2025-02-27 11:57:38,1,73,TARJETA,0.00,0.00,0.00,0.00,FINALIZADA
151,VTA-000151,2025-02-27 16:45:25,5,9,EFECTIVO,0.00,0.00,0.00,0.00,FINALIZADA
152,VTA-000152,2025-02-27 20:29:53,7,,TARJETA,0.00,0.00,0.00,0.00,FINALIZADA
153,VTA-000153,2025-02-28 05:44:58,2,212,TARJETA,0.00,0.00,0.00,0.00,FINALIZADA
154,VTA-000154,2025-02-28 17:53:22,4,,SINPE,0.00,0.00,0.00,0.00,FINALIZADA
155,VTA-000155,2025-02-28 21:40:20,3,61,SINPE,0.00,0.00,0.00,0.00,FINALIZADA
156,VTA-000156,2025-03-01 04:40:41,6,125,TARJETA,0.00,0.00,0.00,0.00,FINALIZADA
157,VTA-000157,2025-03-01 14:41:27,3,183,EFECTIVO,0.00,0.00,0.00,0.00,FINALIZADA
158,VTA-000158,2025-03-01 16:30:22,7,,TARJETA,0.00,0.00,0.00,0.00,FINALIZADA
159,VTA-000159,2025-03-01 19:36:26,2,,SINPE,0.00,0.00,0.00,0.00,FINALIZADA
160,VTA-000160,2025-03-01 20:38:21,1,111,SINPE,0.00,0.00,0.00,0.00,FINALIZADA
161,VTA-000161,2025-03-01 21:52:31,2,33,EFECTIVO,0.00,0.00,0.00,0.00,FINALIZADA
162,VTA-000162,2025-03-02 00:33:22,4,204,SINPE,0.00,0.00,0.00,0.00,FINALIZADA
163,VTA-000163,2025-03-04 01:04:02,5,166,TARJETA,0.00,0.00,0.00,0.00,FINALIZADA
164,VTA-000164,2025-03-04 03:33:46,1,,TARJETA,0.00,0.00,0.00,0.00,FINALIZADA
165,VTA-000165,2025-03-04 05:25:33,7,208,SINPE,0.00,0.00,0.00,0.00,FINALIZADA
166,VTA-000166,2025-03-04 08:45:15,2,104,TARJETA,0.00,0.00,0.00,0.00,FINALIZADA
167,VTA-000167,2025-03-04 10:40:13,5,45,SINPE,0.00,0.00,0.00,0.00,FINALIZADA
168,VTA-000168,2025-03-04 23:06:21,7,183,EFECTIVO,0.00,0.00,0.00,0.00,FINALIZADA
169,VTA-000169,2025-03-05 17:56:06,4,184,TARJETA,0.00,0.00,0.00,0.00,FINALIZADA
170,VTA-000170,2025-03-06 09:35:16,6,78,TARJETA,0.00,0.00,0.00,0.00,FINALIZADA
171,VTA-000171,2025-03-06 15:46:03,3,14,SINPE,0.00,0.00,0.00,0.00,FINALIZADA
172,VTA-000172,2025-03-06 20:59:35,1,209,TARJETA,0.00,0.00,0.00,0.00,FINALIZADA
173,VTA-000173,2025-03-06 23:11:34,2,89,EFECTIVO,0.00,0.00,0.00,0.00,FINALIZADA
174,VTA-000174,2025-03-07 07:37:43,6,109,TRANSFERENCIA,0.00,0.00,0.00,0.00,FINALIZADA
175,VTA-000175,2025-03-07 07:57:04,7,122,EFECTIVO,0.00,0.00,0.00,0.00,FINALIZADA
176,VTA-000176,2025-03-07 08:37:23,6,145,SINPE,0.00,0.00,0.00,0.00,FINALIZADA
177,VTA-000177,2025-03-07 09:35:22,6,18,SINPE,0.00,0.00,0.00,0.00,FINALIZADA
178,VTA-000178,2025-03-07 17:34:24,7,206,TARJETA,0.00,0.00,0.00,0.00,FINALIZADA
179,VTA-000179,2025-03-07 23:16:13,4,,SINPE,0.00,0.00,0.00,0.00,FINALIZADA
180,VTA-000180,2025-03-08 13:11:20,7,,TRANSFERENCIA,0.00,0.00,0.00,0.00,FINALIZADA
181,VTA-000181,2025-03-09 07:11:24,2,26,SINPE,0.00,0.00,0.00,0.00,FINALIZADA
182,VTA-000182,2025-03-09 10:46:33,5,53,TARJETA,0.00,0.00,0.00,0.00,FINALIZADA
183,VTA-000183,2025-03-09 19:31:08,7,169,TARJETA,0.00,0.00,0.00,0.00,FINALIZADA
184,VTA-000184,2025-03-10 04:02:50,1,17,EFECTIVO,0.00,0.00,0.00,0.00,FINALIZADA
185,VTA-000185,2025-03-10 05:38:10,2,117,TARJETA,0.00,0.00,0.00,0.00,FINALIZADA
186,VTA-000186,2025-03-10 12:10:45,3,51,TARJETA,0.00,0.00,0.00,0.00,FINALIZADA
187,VTA-000187,2025-03-10 16:32:24,4,78,SINPE,0.00,0.00,0.00,0.00,FINALIZADA
188,VTA-000188,2025-03-11 17:40:26,3,20,TARJETA,0.00,0.00,0.00,0.00,FINALIZADA
189,VTA-000189,2025-03-12 01:10:08,3,75,TRANSFERENCIA,0.00,0.00,0.00,0.00,FINALIZADA
190,VTA-000190,2025-03-12 02:27:23,3,82,TARJETA,0.00,0.00,0.00,0.00,FINALIZADA
191,VTA-000191,2025-03-12 04:12:32,1,52,EFECTIVO,0.00,0.00,0.00,0.00,FINALIZADA
192,VTA-000192,2025-03-12 22:35:52,2,79,TRANSFERENCIA,0.00,0.00,0.00,0.00,FINALIZADA
193,VTA-000193,2025-03-13 15:37:58,2,171,TARJETA,0.00,0.00,0.00,0.00,FINALIZADA
194,VTA-000194,2025-03-13 17:57:43,1,,SINPE,0.00,0.00,0.00,0.00,FINALIZADA
195,VTA-000195,2025-03-13 18:17:29,5,38,SINPE,0.00,0.00,0.00,0.00,FINALIZADA
196,VTA-000196,2025-03-15 02:24:04,4,93,SINPE,0.00,0.00,0.00,0.00,FINALIZADA
197,VTA-000197,2025-03-15 13:56:13,1,185,TRANSFERENCIA,0.00,0.00,0.00,0.00,FINALIZADA
198,VTA-000198,2025-03-15 23:29:35,3,7,SINPE,0.00,0.00,0.00,0.00,FINALIZADA
199,VTA-000199,2025-03-16 18:39:19,2,198,TARJETA,0.00,0.00,0.00,0.00,FINALIZADA
200,VTA-000200,2025-03-16 22:48:18,3,6,SINPE,0.00,0.00,0.00,0.00,FINALIZADA
201,VTA-000201,2025-03-17 06:04:10,5,175,SINPE,0.00,0.00,0.00,0.00,FINALIZADA
202,VTA-000202,2025-03-18 00:12:10,1,4,SINPE,0.00,0.00,0.00,0.00,FINALIZADA
203,VTA-000203,2025-03-18 03:46:40,4,,TARJETA,0.00,0.00,0.00,0.00,FINALIZADA
204,VTA-000204,2025-03-18 23:58:29,2,13,TARJETA,0.00,0.00,0.00,0.00,FINALIZADA
205,VTA-000205,2025-03-20 00:54:16,1,195,TARJETA,0.00,0.00,0.00,0.00,FINALIZADA
206,VTA-000206,2025-03-20 03:53:26,6,171,TARJETA,0.00,0.00,0.00,0.00,FINALIZADA
207,VTA-000207,2025-03-20 08:00:20,1,17,SINPE,0.00,0.00,0.00,0.00,FINALIZADA
208,VTA-000208,2025-03-20 10:08:25,2,130,TARJETA,0.00,0.00,0.00,0.00,FINALIZADA
209,VTA-000209,2025-03-20 10:41:16,1,67,SINPE,0.00,0.00,0.00,0.00,FINALIZADA
210,VTA-000210,2025-03-20 12:44:31,3,146,EFECTIVO,0.00,0.00,0.00,0.00,FINALIZADA
211,VTA-000211,2025-03-20 21:27:07,2,201,TARJETA,0.00,0.00,0.00,0.00,FINALIZADA
212,VTA-000212,2025-03-21 07:19:29,7,99,TARJETA,0.00,0.00,0.00,0.00,FINALIZADA
213,VTA-000213,2025-03-22 11:19:26,2,171,TARJETA,0.00,0.00,0.00,0.00,FINALIZADA
214,VTA-000214,2025-03-23 04:49:32,1,,SINPE,0.00,0.00,0.00,0.00,FINALIZADA
215,VTA-000215,2025-03-23 06:09:36,4,62,TARJETA,0.00,0.00,0.00,0.00,FINALIZADA
216,VTA-000216,2025-03-23 06:14:07,6,203,SINPE,0.00,0.00,0.00,0.00,FINALIZADA
217,VTA-000217,2025-03-23 08:55:10,7,79,EFECTIVO,0.00,0.00,0.00,0.00,FINALIZADA
218,VTA-000218,2025-03-23 09:31:05,3,207,SINPE,0.00,0.00,0.00,0.00,FINALIZADA
219,VTA-000219,2025-03-23 11:54:02,5,28,TARJETA,0.00,0.00,0.00,0.00,FINALIZADA
220,VTA-000220,2025-03-23 15:33:15,2,208,TARJETA,0.00,0.00,0.00,0.00,FINALIZADA
221,VTA-000221,2025-03-23 19:03:22,7,,TARJETA,0.00,0.00,0.00,0.00,FINALIZADA
222,VTA-000222,2025-03-24 11:07:58,1,73,TARJETA,0.00,0.00,0.00,0.00,FINALIZADA
223,VTA-000223,2025-03-24 13:58:19,3,41,SINPE,0.00,0.00,0.00,0.00,FINALIZADA
224,VTA-000224,2025-03-24 18:35:41,2,209,TARJETA,0.00,0.00,0.00,0.00,FINALIZADA
225,VTA-000225,2025-03-25 17:13:34,7,174,TARJETA,0.00,0.00,0.00,0.00,FINALIZADA
226,VTA-000226,2025-03-27 11:26:42,1,167,SINPE,0.00,0.00,0.00,0.00,FINALIZADA
227,VTA-000227,2025-03-27 14:03:12,5,172,EFECTIVO,0.00,0.00,0.00,0.00,FINALIZADA
228,VTA-000228,2025-03-27 16:43:33,1,14,SINPE,0.00,0.00,0.00,0.00,FINALIZADA
229,VTA-000229,2025-03-28 05:59:17,3,38,EFECTIVO,0.00,0.00,0.00,0.00,FINALIZADA
230,VTA-000230,2025-03-28 06:30:33,1,219,TARJETA,0.00,0.00,0.00,0.00,FINALIZADA
231,VTA-000231,2025-03-28 09:19:43,5,83,TARJETA,0.00,0.00,0.00,0.00,FINALIZADA
232,VTA-000232,2025-03-28 10:21:20,6,,SINPE,0.00,0.00,0.00,0.00,FINALIZADA
233,VTA-000233,2025-03-29 16:03:28,2,148,TARJETA,0.00,0.00,0.00,0.00,FINALIZADA
234,VTA-000234,2025-03-31 15:24:54,5,26,SINPE,0.00,0.00,0.00,0.00,FINALIZADA
235,VTA-000235,2025-03-31 23:32:47,7,158,TARJETA,0.00,0.00,0.00,0.00,FINALIZADA
236,VTA-000236,2025-04-01 05:27:16,6,86,TARJETA,0.00,0.00,0.00,0.00,FINALIZADA
237,VTA-000237,2025-04-01 16:55:27,5,157,SINPE,0.00,0.00,0.00,0.00,FINALIZADA
238,VTA-000238,2025-04-01 17:52:52,3,122,TARJETA,0.00,0.00,0.00,0.00,FINALIZADA
239,VTA-000239,2025-04-02 00:37:21,3,97,TARJETA,0.00,0.00,0.00,0.00,FINALIZADA
240,VTA-000240,2025-04-02 10:53:06,5,,TARJETA,0.00,0.00,0.00,0.00,FINALIZADA
241,VTA-000241,2025-04-02 12:18:53,2,,TRANSFERENCIA,0.00,0.00,0.00,0.00,FINALIZADA
242,VTA-000242,2025-04-02 16:35:11,6,,TARJETA,0.00,0.00,0.00,0.00,FINALIZADA
243,VTA-000243,2025-04-03 14:50:33,4,139,SINPE,0.00,0.00,0.00,0.00,FINALIZADA
244,VTA-000244,2025-04-03 15:21:25,2,8,TRANSFERENCIA,0.00,0.00,0.00,0.00,FINALIZADA
245,VTA-000245,2025-04-05 02:32:25,1,83,SINPE,0.00,0.00,0.00,0.00,FINALIZADA
246,VTA-000246,2025-04-05 02:53:32,4,,TARJETA,0.00,0.00,0.00,0.00,FINALIZADA
247,VTA-000247,2025-04-05 14:55:56,7,26,SINPE,0.00,0.00,0.00,0.00,FINALIZADA
248,VTA-000248,2025-04-05 15:21:55,4,,TARJETA,0.00,0.00,0.00,0.00,FINALIZADA
249,VTA-000249,2025-04-06 02:51:57,3,78,TARJETA,0.00,0.00,0.00,0.00,FINALIZADA
250,VTA-000250,2025-04-06 10:17:30,4,189,EFECTIVO,0.00,0.00,0.00,0.00,FINALIZADA
251,VTA-000251,2025-04-06 23:38:17,1,88,SINPE,0.00,0.00,0.00,0.00,FINALIZADA
252,VTA-000252,2025-04-07 03:55:44,2,22,SINPE,0.00,0.00,0.00,0.00,FINALIZADA
253,VTA-000253,2025-04-07 18:06:17,2,111,TARJETA,0.00,0.00,0.00,0.00,FINALIZADA
254,VTA-000254,2025-04-08 19:50:30,2,24,EFECTIVO,0.00,0.00,0.00,0.00,FINALIZADA
255,VTA-000255,2025-04-09 03:57:20,2,7,EFECTIVO,0.00,0.00,0.00,0.00,FINALIZADA
256,VTA-000256,2025-04-09 06:14:49,1,3,SINPE,0.00,0.00,0.00,0.00,FINALIZADA
257,VTA-000257,2025-04-09 18:18:10,7,137,TARJETA,0.00,0.00,0.00,0.00,FINALIZADA
258,VTA-000258,2025-04-10 05:01:32,1,203,SINPE,0.00,0.00,0.00,0.00,FINALIZADA
259,VTA-000259,2025-04-11 11:10:02,2,186,TARJETA,0.00,0.00,0.00,0.00,FINALIZADA
260,VTA-000260,2025-04-12 08:25:02,4,155,SINPE,0.00,0.00,0.00,0.00,FINALIZADA
261,VTA-000261,2025-04-13 16:20:40,6,43,TARJETA,0.00,0.00,0.00,0.00,FINALIZADA
262,VTA-000262,2025-04-14 21:11:56,7,132,SINPE,0.00,0.00,0.00,0.00,FINALIZADA
263,VTA-000263,2025-04-16 08:31:35,1,3,EFECTIVO,0.00,0.00,0.00,0.00,FINALIZADA
264,VTA-000264,2025-04-16 21:28:18,3,92,EFECTIVO,0.00,0.00,0.00,0.00,FINALIZADA
265,VTA-000265,2025-04-17 00:17:26,6,103,TARJETA,0.00,0.00,0.00,0.00,FINALIZADA
266,VTA-000266,2025-04-17 03:36:34,3,182,TARJETA,0.00,0.00,0.00,0.00,FINALIZADA
267,VTA-000267,2025-04-17 12:55:19,2,178,SINPE,0.00,0.00,0.00,0.00,FINALIZADA
268,VTA-000268,2025-04-18 03:58:21,1,39,SINPE,0.00,0.00,0.00,0.00,FINALIZADA
269,VTA-000269,2025-04-18 15:51:00,4,,TARJETA,0.00,0.00,0.00,0.00,FINALIZADA
270,VTA-000270,2025-04-18 17:19:42,7,42,SINPE,0.00,0.00,0.00,0.00,FINALIZADA
271,VTA-000271,2025-04-18 20:39:58,7,,TARJETA,0.00,0.00,0.00,0.00,FINALIZADA
272,VTA-000272,2025-04-18 21:01:21,5,219,EFECTIVO,0.00,0.00,0.00,0.00,FINALIZADA
273,VTA-000273,2025-04-19 19:35:45,2,101,SINPE,0.00,0.00,0.00,0.00,FINALIZADA
274,VTA-000274,2025-04-20 02:50:53,2,190,EFECTIVO,0.00,0.00,0.00,0.00,FINALIZADA
275,VTA-000275,2025-04-20 11:05:44,2,2,TRANSFERENCIA,0.00,0.00,0.00,0.00,FINALIZADA
276,VTA-000276,2025-04-20 21:19:21,3,19,TARJETA,0.00,0.00,0.00,0.00,FINALIZADA
277,VTA-000277,2025-04-21 03:27:00,3,176,TRANSFERENCIA,0.00,0.00,0.00,0.00,FINALIZADA
278,VTA-000278,2025-04-23 02:15:50,1,109,SINPE,0.00,0.00,0.00,0.00,FINALIZADA
279,VTA-000279,2025-04-23 19:32:41,7,7,TARJETA,0.00,0.00,0.00,0.00,FINALIZADA
280,VTA-000280,2025-04-23 20:21:59,3,196,TARJETA,0.00,0.00,0.00,0.00,FINALIZADA
281,VTA-000281,2025-04-24 00:54:45,3,151,SINPE,0.00,0.00,0.00,0.00,FINALIZADA
282,VTA-000282,2025-04-24 06:30:23,4,,TARJETA,0.00,0.00,0.00,0.00,FINALIZADA
283,VTA-000283,2025-04-25 03:00:05,5,134,SINPE,0.00,0.00,0.00,0.00,FINALIZADA
284,VTA-000284,2025-04-25 20:57:59,2,,EFECTIVO,0.00,0.00,0.00,0.00,FINALIZADA
285,VTA-000285,2025-04-26 12:25:23,3,218,EFECTIVO,0.00,0.00,0.00,0.00,FINALIZADA
286,VTA-000286,2025-04-26 17:22:01,7,,TARJETA,0.00,0.00,0.00,0.00,FINALIZADA
287,VTA-000287,2025-04-27 05:37:36,3,,SINPE,0.00,0.00,0.00,0.00,FINALIZADA
288,VTA-000288,2025-04-27 15:52:05,1,98,EFECTIVO,0.00,0.00,0.00,0.00,FINALIZADA
289,VTA-000289,2025-04-27 16:00:41,6,76,TARJETA,0.00,0.00,0.00,0.00,FINALIZADA
290,VTA-000290,2025-04-27 18:09:09,1,213,EFECTIVO,0.00,0.00,0.00,0.00,FINALIZADA
291,VTA-000291,2025-04-27 22:11:50,2,93,EFECTIVO,0.00,0.00,0.00,0.00,FINALIZADA
292,VTA-000292,2025-04-28 07:56:42,4,106,TARJETA,0.00,0.00,0.00,0.00,FINALIZADA
293,VTA-000293,2025-04-28 12:42:14,2,29,TARJETA,0.00,0.00,0.00,0.00,FINALIZADA
294,VTA-000294,2025-04-28 13:30:49,6,217,TARJETA,0.00,0.00,0.00,0.00,FINALIZADA
295,VTA-000295,2025-04-28 14:33:44,3,166,EFECTIVO,0.00,0.00,0.00,0.00,FINALIZADA
296,VTA-000296,2025-04-28 18:19:08,4,86,EFECTIVO,0.00,0.00,0.00,0.00,FINALIZADA
297,VTA-000297,2025-04-28 19:24:33,3,,SINPE,0.00,0.00,0.00,0.00,FINALIZADA
298,VTA-000298,2025-04-29 07:30:05,1,142,EFECTIVO,0.00,0.00,0.00,0.00,FINALIZADA
299,VTA-000299,2025-04-29 07:51:47,1,57,EFECTIVO,0.00,0.00,0.00,0.00,FINALIZADA
300,VTA-000300,2025-04-29 10:07:49,3,41,EFECTIVO,0.00,0.00,0.00,0.00,FINALIZADA
301,VTA-000301,2025-04-30 15:20:52,2,115,TARJETA,0.00,0.00,0.00,0.00,FINALIZADA
302,VTA-000302,2025-04-30 15:33:48,7,23,TARJETA,0.00,0.00,0.00,0.00,FINALIZADA
303,VTA-000303,2025-05-01 02:35:28,5,208,SINPE,0.00,0.00,0.00,0.00,FINALIZADA
304,VTA-000304,2025-05-01 12:20:01,5,176,TARJETA,0.00,0.00,0.00,0.00,FINALIZADA
305,VTA-000305,2025-05-02 00:04:30,5,114,SINPE,0.00,0.00,0.00,0.00,FINALIZADA
306,VTA-000306,2025-05-02 07:37:06,7,139,EFECTIVO,0.00,0.00,0.00,0.00,FINALIZADA
307,VTA-000307,2025-05-02 14:04:08,7,179,TARJETA,0.00,0.00,0.00,0.00,FINALIZADA
308,VTA-000308,2025-05-03 06:11:28,3,112,EFECTIVO,0.00,0.00,0.00,0.00,FINALIZADA
309,VTA-000309,2025-05-03 19:35:19,1,21,SINPE,0.00,0.00,0.00,0.00,FINALIZADA
310,VTA-000310,2025-05-03 21:53:13,2,160,TARJETA,0.00,0.00,0.00,0.00,FINALIZADA
311,VTA-000311,2025-05-03 22:07:38,3,147,EFECTIVO,0.00,0.00,0.00,0.00,FINALIZADA
312,VTA-000312,2025-05-04 07:40:29,5,134,SINPE,0.00,0.00,0.00,0.00,FINALIZADA
313,VTA-000313,2025-05-04 15:06:38,3,124,EFECTIVO,0.00,0.00,0.00,0.00,FINALIZADA
314,VTA-000314,2025-05-04 16:29:40,2,,SINPE,0.00,0.00,0.00,0.00,FINALIZADA
315,VTA-000315,2025-05-05 01:00:56,3,35,TARJETA,0.00,0.00,0.00,0.00,FINALIZADA
316,VTA-000316,2025-05-05 03:38:38,3,92,EFECTIVO,0.00,0.00,0.00,0.00,FINALIZADA
317,VTA-000317,2025-05-06 12:52:15,7,55,SINPE,0.00,0.00,0.00,0.00,FINALIZADA
318,VTA-000318,2025-05-06 20:35:45,5,,SINPE,0.00,0.00,0.00,0.00,FINALIZADA
319,VTA-000319,2025-05-07 04:25:53,7,,SINPE,0.00,0.00,0.00,0.00,FINALIZADA
320,VTA-000320,2025-05-07 15:16:52,5,9,SINPE,0.00,0.00,0.00,0.00,FINALIZADA
321,VTA-000321,2025-05-07 15:37:45,1,109,TARJETA,0.00,0.00,0.00,0.00,FINALIZADA
322,VTA-000322,2025-05-07 17:57:21,1,150,TARJETA,0.00,0.00,0.00,0.00,FINALIZADA
323,VTA-000323,2025-05-07 21:44:11,7,41,TRANSFERENCIA,0.00,0.00,0.00,0.00,FINALIZADA
324,VTA-000324,2025-05-07 22:17:29,4,13,SINPE,0.00,0.00,0.00,0.00,FINALIZADA
325,VTA-000325,2025-05-08 03:00:39,1,211,TRANSFERENCIA,0.00,0.00,0.00,0.00,FINALIZADA
326,VTA-000326,2025-05-08 07:45:18,4,200,TARJETA,0.00,0.00,0.00,0.00,FINALIZADA
327,VTA-000327,2025-05-09 22:53:53,2,177,TARJETA,0.00,0.00,0.00,0.00,FINALIZADA
328,VTA-000328,2025-05-10 22:46:05,6,52,TARJETA,0.00,0.00,0.00,0.00,FINALIZADA
329,VTA-000329,2025-05-11 22:09:17,6,17,TARJETA,0.00,0.00,0.00,0.00,FINALIZADA
330,VTA-000330,2025-05-12 00:51:26,5,,TARJETA,0.00,0.00,0.00,0.00,FINALIZADA
331,VTA-000331,2025-05-13 02:06:35,7,135,TARJETA,0.00,0.00,0.00,0.00,FINALIZADA
332,VTA-000332,2025-05-13 04:03:05,6,198,SINPE,0.00,0.00,0.00,0.00,FINALIZADA
333,VTA-000333,2025-05-13 07:41:10,2,111,SINPE,0.00,0.00,0.00,0.00,FINALIZADA
334,VTA-000334,2025-05-13 13:20:01,2,69,TARJETA,0.00,0.00,0.00,0.00,FINALIZADA
335,VTA-000335,2025-05-13 13:28:01,7,48,TARJETA,0.00,0.00,0.00,0.00,FINALIZADA
336,VTA-000336,2025-05-13 16:13:14,2,,TARJETA,0.00,0.00,0.00,0.00,FINALIZADA
337,VTA-000337,2025-05-14 03:03:26,5,125,TARJETA,0.00,0.00,0.00,0.00,FINALIZADA
338,VTA-000338,2025-05-14 10:21:37,2,41,SINPE,0.00,0.00,0.00,0.00,FINALIZADA
339,VTA-000339,2025-05-14 10:43:47,6,5,TRANSFERENCIA,0.00,0.00,0.00,0.00,FINALIZADA
340,VTA-000340,2025-05-14 12:53:11,1,42,TARJETA,0.00,0.00,0.00,0.00,FINALIZADA
341,VTA-000341,2025-05-14 15:46:44,1,136,SINPE,0.00,0.00,0.00,0.00,FINALIZADA
342,VTA-000342,2025-05-15 00:57:58,7,15,SINPE,0.00,0.00,0.00,0.00,FINALIZADA
343,VTA-000343,2025-05-16 06:42:28,3,,SINPE,0.00,0.00,0.00,0.00,FINALIZADA
344,VTA-000344,2025-05-16 09:19:53,5,27,TARJETA,0.00,0.00,0.00,0.00,FINALIZADA
345,VTA-000345,2025-05-17 01:22:43,2,209,SINPE,0.00,0.00,0.00,0.00,FINALIZADA
346,VTA-000346,2025-05-17 23:59:47,6,16,EFECTIVO,0.00,0.00,0.00,0.00,FINALIZADA
347,VTA-000347,2025-05-18 03:19:31,2,,SINPE,0.00,0.00,0.00,0.00,FINALIZADA
348,VTA-000348,2025-05-18 14:19:51,7,,TRANSFERENCIA,0.00,0.00,0.00,0.00,FINALIZADA
349,VTA-000349,2025-05-19 00:29:10,3,114,TARJETA,0.00,0.00,0.00,0.00,FINALIZADA
350,VTA-000350,2025-05-19 01:06:19,2,129,EFECTIVO,0.00,0.00,0.00,0.00,FINALIZADA
351,VTA-000351,2025-05-20 08:08:05,7,41,EFECTIVO,0.00,0.00,0.00,0.00,FINALIZADA
352,VTA-000352,2025-05-20 12:24:09,1,8,TARJETA,0.00,0.00,0.00,0.00,FINALIZADA
353,VTA-000353,2025-05-20 15:32:47,3,113,TARJETA,0.00,0.00,0.00,0.00,FINALIZADA
354,VTA-000354,2025-05-20 21:49:30,6,217,EFECTIVO,0.00,0.00,0.00,0.00,FINALIZADA
355,VTA-000355,2025-05-21 02:14:09,5,,SINPE,0.00,0.00,0.00,0.00,FINALIZADA
356,VTA-000356,2025-05-21 11:50:34,4,67,SINPE,0.00,0.00,0.00,0.00,FINALIZADA
357,VTA-000357,2025-05-21 21:42:03,1,143,EFECTIVO,0.00,0.00,0.00,0.00,FINALIZADA
358,VTA-000358,2025-05-21 22:52:39,1,187,SINPE,0.00,0.00,0.00,0.00,FINALIZADA
359,VTA-000359,2025-05-21 23:23:51,1,181,SINPE,0.00,0.00,0.00,0.00,FINALIZADA
360,VTA-000360,2025-05-22 03:27:09,5,,TARJETA,0.00,0.00,0.00,0.00,FINALIZADA
361,VTA-000361,2025-05-22 03:35:36,3,171,TARJETA,0.00,0.00,0.00,0.00,FINALIZADA
362,VTA-000362,2025-05-23 07:24:11,2,18,TARJETA,0.00,0.00,0.00,0.00,FINALIZADA
363,VTA-000363,2025-05-23 16:48:07,2,,TARJETA,0.00,0.00,0.00,0.00,FINALIZADA
364,VTA-000364,2025-05-23 23:41:28,5,109,SINPE,0.00,0.00,0.00,0.00,FINALIZADA
365,VTA-000365,2025-05-24 10:04:17,5,144,TARJETA,0.00,0.00,0.00,0.00,FINALIZADA
366,VTA-000366,2025-05-24 10:25:27,7,219,TARJETA,0.00,0.00,0.00,0.00,FINALIZADA
367,VTA-000367,2025-05-25 06:19:36,2,76,TARJETA,0.00,0.00,0.00,0.00,FINALIZADA
368,VTA-000368,2025-05-25 18:52:34,3,135,SINPE,0.00,0.00,0.00,0.00,FINALIZADA
369,VTA-000369,2025-05-25 20:44:39,6,42,EFECTIVO,0.00,0.00,0.00,0.00,FINALIZADA
370,VTA-000370,2025-05-26 08:18:44,3,163,TARJETA,0.00,0.00,0.00,0.00,FINALIZADA
371,VTA-000371,2025-05-26 08:24:46,4,83,SINPE,0.00,0.00,0.00,0.00,FINALIZADA
372,VTA-000372,2025-05-27 04:04:57,6,46,SINPE,0.00,0.00,0.00,0.00,FINALIZADA
373,VTA-000373,2025-05-27 07:10:44,1,40,SINPE,0.00,0.00,0.00,0.00,FINALIZADA
374,VTA-000374,2025-05-28 15:17:15,7,55,TARJETA,0.00,0.00,0.00,0.00,FINALIZADA
375,VTA-000375,2025-05-28 20:23:32,4,81,TARJETA,0.00,0.00,0.00,0.00,FINALIZADA
376,VTA-000376,2025-05-29 04:26:38,3,45,TARJETA,0.00,0.00,0.00,0.00,FINALIZADA
377,VTA-000377,2025-05-30 04:39:53,5,100,SINPE,0.00,0.00,0.00,0.00,FINALIZADA
378,VTA-000378,2025-05-31 10:48:34,4,13,TARJETA,0.00,0.00,0.00,0.00,FINALIZADA
379,VTA-000379,2025-05-31 11:23:29,4,50,TARJETA,0.00,0.00,0.00,0.00,FINALIZADA
380,VTA-000380,2025-05-31 12:35:02,5,2,TARJETA,0.00,0.00,0.00,0.00,FINALIZADA
381,VTA-000381,2025-05-31 17:15:23,4,109,EFECTIVO,0.00,0.00,0.00,0.00,FINALIZADA
382,VTA-000382,2025-05-31 21:06:34,6,193,TRANSFERENCIA,0.00,0.00,0.00,0.00,FINALIZADA
383,VTA-000383,2025-06-01 10:36:13,6,109,TARJETA,0.00,0.00,0.00,0.00,FINALIZADA
384,VTA-000384,2025-06-01 14:31:24,7,173,SINPE,0.00,0.00,0.00,0.00,FINALIZADA
385,VTA-000385,2025-06-01 16:49:38,5,154,EFECTIVO,0.00,0.00,0.00,0.00,FINALIZADA
386,VTA-000386,2025-06-01 18:58:53,1,3,SINPE,0.00,0.00,0.00,0.00,FINALIZADA
387,VTA-000387,2025-06-02 13:55:55,7,148,TARJETA,0.00,0.00,0.00,0.00,FINALIZADA
388,VTA-000388,2025-06-02 14:47:51,7,,TARJETA,0.00,0.00,0.00,0.00,FINALIZADA
389,VTA-000389,2025-06-02 15:38:50,3,46,TARJETA,0.00,0.00,0.00,0.00,FINALIZADA
390,VTA-000390,2025-06-03 04:17:40,2,155,TARJETA,0.00,0.00,0.00,0.00,FINALIZADA
391,VTA-000391,2025-06-03 07:38:21,7,163,TARJETA,0.00,0.00,0.00,0.00,FINALIZADA
392,VTA-000392,2025-06-04 00:59:50,4,45,SINPE,0.00,0.00,0.00,0.00,FINALIZADA
393,VTA-000393,2025-06-05 05:17:27,4,157,SINPE,0.00,0.00,0.00,0.00,FINALIZADA
394,VTA-000394,2025-06-05 23:57:27,1,60,SINPE,0.00,0.00,0.00,0.00,FINALIZADA
395,VTA-000395,2025-06-06 01:01:39,5,6,TARJETA,0.00,0.00,0.00,0.00,FINALIZADA
396,VTA-000396,2025-06-07 11:36:25,1,171,TARJETA,0.00,0.00,0.00,0.00,FINALIZADA
397,VTA-000397,2025-06-07 18:53:10,6,21,SINPE,0.00,0.00,0.00,0.00,FINALIZADA
398,VTA-000398,2025-06-08 16:19:37,6,70,TRANSFERENCIA,0.00,0.00,0.00,0.00,FINALIZADA
399,VTA-000399,2025-06-08 19:42:58,3,70,TARJETA,0.00,0.00,0.00,0.00,FINALIZADA
400,VTA-000400,2025-06-10 08:57:11,6,113,SINPE,0.00,0.00,0.00,0.00,FINALIZADA
401,VTA-000401,2025-06-10 09:37:11,1,146,SINPE,0.00,0.00,0.00,0.00,FINALIZADA
402,VTA-000402,2025-06-10 13:15:18,7,,TRANSFERENCIA,0.00,0.00,0.00,0.00,FINALIZADA
403,VTA-000403,2025-06-10 17:32:38,1,96,TARJETA,0.00,0.00,0.00,0.00,FINALIZADA
404,VTA-000404,2025-06-10 20:33:57,1,23,EFECTIVO,0.00,0.00,0.00,0.00,FINALIZADA
405,VTA-000405,2025-06-10 23:23:12,3,97,SINPE,0.00,0.00,0.00,0.00,FINALIZADA
406,VTA-000406,2025-06-11 00:39:04,3,144,SINPE,0.00,0.00,0.00,0.00,FINALIZADA
407,VTA-000407,2025-06-11 03:05:12,5,7,TARJETA,0.00,0.00,0.00,0.00,FINALIZADA
408,VTA-000408,2025-06-11 11:04:09,6,214,SINPE,0.00,0.00,0.00,0.00,FINALIZADA
409,VTA-000409,2025-06-11 21:59:52,6,33,TARJETA,0.00,0.00,0.00,0.00,FINALIZADA
410,VTA-000410,2025-06-11 22:19:12,7,73,SINPE,0.00,0.00,0.00,0.00,FINALIZADA
411,VTA-000411,2025-06-12 04:04:57,4,116,SINPE,0.00,0.00,0.00,0.00,FINALIZADA
412,VTA-000412,2025-06-12 06:32:50,4,188,TARJETA,0.00,0.00,0.00,0.00,FINALIZADA
413,VTA-000413,2025-06-14 00:44:11,7,212,EFECTIVO,0.00,0.00,0.00,0.00,FINALIZADA
414,VTA-000414,2025-06-14 02:19:27,6,112,SINPE,0.00,0.00,0.00,0.00,FINALIZADA
415,VTA-000415,2025-06-15 07:47:22,4,205,SINPE,0.00,0.00,0.00,0.00,FINALIZADA
416,VTA-000416,2025-06-15 20:59:43,5,,EFECTIVO,0.00,0.00,0.00,0.00,FINALIZADA
417,VTA-000417,2025-06-16 01:06:28,3,189,SINPE,0.00,0.00,0.00,0.00,FINALIZADA
418,VTA-000418,2025-06-16 01:53:53,3,73,TARJETA,0.00,0.00,0.00,0.00,FINALIZADA
419,VTA-000419,2025-06-16 04:08:00,1,92,TARJETA,0.00,0.00,0.00,0.00,FINALIZADA
420,VTA-000420,2025-06-16 06:14:04,7,87,SINPE,0.00,0.00,0.00,0.00,FINALIZADA
421,VTA-000421,2025-06-16 13:40:08,5,95,EFECTIVO,0.00,0.00,0.00,0.00,FINALIZADA
422,VTA-000422,2025-06-16 18:47:52,3,88,TRANSFERENCIA,0.00,0.00,0.00,0.00,FINALIZADA
423,VTA-000423,2025-06-17 00:29:23,7,,EFECTIVO,0.00,0.00,0.00,0.00,FINALIZADA
424,VTA-000424,2025-06-18 15:29:29,4,,TARJETA,0.00,0.00,0.00,0.00,FINALIZADA
425,VTA-000425,2025-06-19 01:47:26,4,178,TARJETA,0.00,0.00,0.00,0.00,FINALIZADA
426,VTA-000426,2025-06-19 05:43:14,7,126,SINPE,0.00,0.00,0.00,0.00,FINALIZADA
427,VTA-000427,2025-06-19 07:43:54,2,202,EFECTIVO,0.00,0.00,0.00,0.00,FINALIZADA
428,VTA-000428,2025-06-19 08:21:07,3,208,SINPE,0.00,0.00,0.00,0.00,FINALIZADA
429,VTA-000429,2025-06-19 16:47:00,6,30,TARJETA,0.00,0.00,0.00,0.00,FINALIZADA
430,VTA-000430,2025-06-20 08:48:05,3,96,EFECTIVO,0.00,0.00,0.00,0.00,FINALIZADA
431,VTA-000431,2025-06-20 16:56:20,3,212,TARJETA,0.00,0.00,0.00,0.00,FINALIZADA
432,VTA-000432,2025-06-20 21:00:01,1,59,TARJETA,0.00,0.00,0.00,0.00,FINALIZADA
433,VTA-000433,2025-06-20 21:50:32,5,,SINPE,0.00,0.00,0.00,0.00,FINALIZADA
434,VTA-000434,2025-06-22 09:58:07,2,219,TARJETA,0.00,0.00,0.00,0.00,FINALIZADA
435,VTA-000435,2025-06-23 03:29:42,5,210,TARJETA,0.00,0.00,0.00,0.00,FINALIZADA
436,VTA-000436,2025-06-24 02:11:25,7,201,TARJETA,0.00,0.00,0.00,0.00,FINALIZADA
437,VTA-000437,2025-06-24 06:31:51,2,117,TARJETA,0.00,0.00,0.00,0.00,FINALIZADA
438,VTA-000438,2025-06-24 09:40:47,1,23,SINPE,0.00,0.00,0.00,0.00,FINALIZADA
439,VTA-000439,2025-06-24 19:22:50,2,118,EFECTIVO,0.00,0.00,0.00,0.00,FINALIZADA
440,VTA-000440,2025-06-24 22:12:38,3,,SINPE,0.00,0.00,0.00,0.00,FINALIZADA
441,VTA-000441,2025-06-25 12:44:37,5,178,SINPE,0.00,0.00,0.00,0.00,FINALIZADA
442,VTA-000442,2025-06-25 23:38:31,1,138,EFECTIVO,0.00,0.00,0.00,0.00,FINALIZADA
443,VTA-000443,2025-06-26 11:15:44,4,116,TARJETA,0.00,0.00,0.00,0.00,FINALIZADA
444,VTA-000444,2025-06-26 20:03:22,6,10,EFECTIVO,0.00,0.00,0.00,0.00,FINALIZADA
445,VTA-000445,2025-06-26 22:21:08,2,197,TARJETA,0.00,0.00,0.00,0.00,FINALIZADA
446,VTA-000446,2025-06-27 00:13:11,1,192,SINPE,0.00,0.00,0.00,0.00,FINALIZADA
447,VTA-000447,2025-06-27 10:47:46,7,214,SINPE,0.00,0.00,0.00,0.00,FINALIZADA
448,VTA-000448,2025-06-27 12:48:46,7,28,SINPE,0.00,0.00,0.00,0.00,FINALIZADA
449,VTA-000449,2025-06-27 18:11:33,1,136,EFECTIVO,0.00,0.00,0.00,0.00,FINALIZADA
450,VTA-000450,2025-06-27 21:14:56,7,190,TARJETA,0.00,0.00,0.00,0.00,FINALIZADA
451,VTA-000451,2025-06-28 17:25:02,3,24,TARJETA,0.00,0.00,0.00,0.00,FINALIZADA
452,VTA-000452,2025-06-29 14:32:00,6,191,EFECTIVO,0.00,0.00,0.00,0.00,FINALIZADA
453,VTA-000453,2025-06-29 14:41:18,1,176,SINPE,0.00,0.00,0.00,0.00,FINALIZADA
454,VTA-000454,2025-06-29 23:26:21,1,30,EFECTIVO,0.00,0.00,0.00,0.00,FINALIZADA
455,VTA-000455,2025-06-30 06:48:24,6,71,EFECTIVO,0.00,0.00,0.00,0.00,FINALIZADA
456,VTA-000456,2025-06-30 16:28:23,4,116,TARJETA,0.00,0.00,0.00,0.00,FINALIZADA
457,VTA-000457,2025-07-01 06:55:11,1,30,TARJETA,0.00,0.00,0.00,0.00,FINALIZADA
458,VTA-000458,2025-07-02 14:14:40,5,137,SINPE,0.00,0.00,0.00,0.00,FINALIZADA
459,VTA-000459,2025-07-02 15:01:28,2,112,EFECTIVO,0.00,0.00,0.00,0.00,FINALIZADA
460,VTA-000460,2025-07-03 00:05:07,7,63,SINPE,0.00,0.00,0.00,0.00,FINALIZADA
461,VTA-000461,2025-07-03 12:24:10,1,74,TARJETA,0.00,0.00,0.00,0.00,FINALIZADA
462,VTA-000462,2025-07-03 18:10:32,4,169,TRANSFERENCIA,0.00,0.00,0.00,0.00,FINALIZADA
463,VTA-000463,2025-07-04 08:40:09,3,113,SINPE,0.00,0.00,0.00,0.00,FINALIZADA
464,VTA-000464,2025-07-04 20:45:28,5,164,TARJETA,0.00,0.00,0.00,0.00,FINALIZADA
465,VTA-000465,2025-07-04 21:01:15,7,96,TARJETA,0.00,0.00,0.00,0.00,FINALIZADA
466,VTA-000466,2025-07-04 22:48:12,2,193,SINPE,0.00,0.00,0.00,0.00,FINALIZADA
467,VTA-000467,2025-07-05 07:04:46,3,169,TRANSFERENCIA,0.00,0.00,0.00,0.00,FINALIZADA
468,VTA-000468,2025-07-05 17:55:05,5,75,SINPE,0.00,0.00,0.00,0.00,FINALIZADA
469,VTA-000469,2025-07-06 00:25:43,7,142,EFECTIVO,0.00,0.00,0.00,0.00,FINALIZADA
470,VTA-000470,2025-07-06 23:51:48,1,138,SINPE,0.00,0.00,0.00,0.00,FINALIZADA
471,VTA-000471,2025-07-07 04:34:20,1,219,EFECTIVO,0.00,0.00,0.00,0.00,FINALIZADA
472,VTA-000472,2025-07-07 05:11:02,1,92,TARJETA,0.00,0.00,0.00,0.00,FINALIZADA
473,VTA-000473,2025-07-07 14:07:54,5,,SINPE,0.00,0.00,0.00,0.00,FINALIZADA
474,VTA-000474,2025-07-08 01:28:22,3,217,EFECTIVO,0.00,0.00,0.00,0.00,FINALIZADA
475,VTA-000475,2025-07-08 12:05:29,4,166,SINPE,0.00,0.00,0.00,0.00,FINALIZADA
476,VTA-000476,2025-07-08 23:43:23,1,84,TARJETA,0.00,0.00,0.00,0.00,FINALIZADA
477,VTA-000477,2025-07-09 15:49:56,1,87,TARJETA,0.00,0.00,0.00,0.00,FINALIZADA
478,VTA-000478,2025-07-09 19:53:13,1,18,SINPE,0.00,0.00,0.00,0.00,FINALIZADA
479,VTA-000479,2025-07-10 12:35:21,1,214,TARJETA,0.00,0.00,0.00,0.00,FINALIZADA
480,VTA-000480,2025-07-10 22:54:01,4,216,TARJETA,0.00,0.00,0.00,0.00,FINALIZADA
481,VTA-000481,2025-07-10 23:10:45,7,101,EFECTIVO,0.00,0.00,0.00,0.00,FINALIZADA
482,VTA-000482,2025-07-11 00:42:52,7,8,EFECTIVO,0.00,0.00,0.00,0.00,FINALIZADA
483,VTA-000483,2025-07-11 02:18:23,1,111,TARJETA,0.00,0.00,0.00,0.00,FINALIZADA
484,VTA-000484,2025-07-11 06:28:27,6,,TARJETA,0.00,0.00,0.00,0.00,FINALIZADA
485,VTA-000485,2025-07-11 17:51:04,2,13,TRANSFERENCIA,0.00,0.00,0.00,0.00,FINALIZADA
486,VTA-000486,2025-07-11 21:21:01,4,7,SINPE,0.00,0.00,0.00,0.00,FINALIZADA
487,VTA-000487,2025-07-11 23:09:52,5,56,SINPE,0.00,0.00,0.00,0.00,FINALIZADA
488,VTA-000488,2025-07-13 10:43:44,5,,EFECTIVO,0.00,0.00,0.00,0.00,FINALIZADA
489,VTA-000489,2025-07-14 00:23:09,7,138,SINPE,0.00,0.00,0.00,0.00,FINALIZADA
490,VTA-000490,2025-07-14 01:23:37,4,116,TRANSFERENCIA,0.00,0.00,0.00,0.00,FINALIZADA
491,VTA-000491,2025-07-14 06:39:15,7,213,TARJETA,0.00,0.00,0.00,0.00,FINALIZADA
492,VTA-000492,2025-07-14 08:22:04,2,,TARJETA,0.00,0.00,0.00,0.00,FINALIZADA
493,VTA-000493,2025-07-14 10:28:07,1,179,TARJETA,0.00,0.00,0.00,0.00,FINALIZADA
494,VTA-000494,2025-07-14 16:00:08,2,66,SINPE,0.00,0.00,0.00,0.00,FINALIZADA
495,VTA-000495,2025-07-15 04:41:58,7,209,TARJETA,0.00,0.00,0.00,0.00,FINALIZADA
496,VTA-000496,2025-07-15 04:55:59,7,137,EFECTIVO,0.00,0.00,0.00,0.00,FINALIZADA
497,VTA-000497,2025-07-16 05:30:01,1,96,TARJETA,0.00,0.00,0.00,0.00,FINALIZADA
498,VTA-000498,2025-07-16 08:29:50,1,65,EFECTIVO,0.00,0.00,0.00,0.00,FINALIZADA
499,VTA-000499,2025-07-16 11:17:53,4,40,SINPE,0.00,0.00,0.00,0.00,FINALIZADA
500,VTA-000500,2025-07-17 01:23:41,3,122,SINPE,0.00,0.00,0.00,0.00,FINALIZADA
501,VTA-000501,2025-07-17 02:14:13,3,167,SINPE,0.00,0.00,0.00,0.00,FINALIZADA
502,VTA-000502,2025-07-17 12:41:37,6,30,TARJETA,0.00,0.00,0.00,0.00,FINALIZADA
503,VTA-000503,2025-07-18 04:36:20,2,137,TARJETA,0.00,0.00,0.00,0.00,FINALIZADA
504,VTA-000504,2025-07-18 05:29:43,3,76,EFECTIVO,0.00,0.00,0.00,0.00,FINALIZADA
505,VTA-000505,2025-07-18 17:04:37,5,141,TARJETA,0.00,0.00,0.00,0.00,FINALIZADA
506,VTA-000506,2025-07-19 02:21:59,7,85,TARJETA,0.00,0.00,0.00,0.00,FINALIZADA
507,VTA-000507,2025-07-19 06:40:42,7,80,TARJETA,0.00,0.00,0.00,0.00,FINALIZADA
508,VTA-000508,2025-07-19 17:10:00,2,81,EFECTIVO,0.00,0.00,0.00,0.00,FINALIZADA
509,VTA-000509,2025-07-20 03:35:21,3,47,SINPE,0.00,0.00,0.00,0.00,FINALIZADA
510,VTA-000510,2025-07-20 10:50:06,5,186,EFECTIVO,0.00,0.00,0.00,0.00,FINALIZADA
511,VTA-000511,2025-07-20 10:54:57,6,8,TARJETA,0.00,0.00,0.00,0.00,FINALIZADA
512,VTA-000512,2025-07-22 05:09:37,7,107,TRANSFERENCIA,0.00,0.00,0.00,0.00,FINALIZADA
513,VTA-000513,2025-07-22 08:45:16,2,81,TARJETA,0.00,0.00,0.00,0.00,FINALIZADA
514,VTA-000514,2025-07-22 20:30:38,6,134,TRANSFERENCIA,0.00,0.00,0.00,0.00,FINALIZADA
515,VTA-000515,2025-07-23 15:43:19,1,133,EFECTIVO,0.00,0.00,0.00,0.00,FINALIZADA
516,VTA-000516,2025-07-23 23:49:04,1,57,SINPE,0.00,0.00,0.00,0.00,FINALIZADA
517,VTA-000517,2025-07-24 01:47:17,5,127,TARJETA,0.00,0.00,0.00,0.00,FINALIZADA
518,VTA-000518,2025-07-24 23:52:00,6,50,SINPE,0.00,0.00,0.00,0.00,FINALIZADA
519,VTA-000519,2025-07-26 00:04:44,7,205,TARJETA,0.00,0.00,0.00,0.00,FINALIZADA
520,VTA-000520,2025-07-26 08:00:46,5,,TARJETA,0.00,0.00,0.00,0.00,FINALIZADA
521,VTA-000521,2025-07-27 01:47:47,5,79,SINPE,0.00,0.00,0.00,0.00,FINALIZADA
522,VTA-000522,2025-07-27 12:44:43,1,4,EFECTIVO,0.00,0.00,0.00,0.00,FINALIZADA
523,VTA-000523,2025-07-27 15:04:41,7,216,TARJETA,0.00,0.00,0.00,0.00,FINALIZADA
524,VTA-000524,2025-07-27 17:43:44,7,100,EFECTIVO,0.00,0.00,0.00,0.00,FINALIZADA
525,VTA-000525,2025-07-28 05:22:03,4,202,EFECTIVO,0.00,0.00,0.00,0.00,FINALIZADA
526,VTA-000526,2025-07-28 20:04:37,2,,SINPE,0.00,0.00,0.00,0.00,FINALIZADA
527,VTA-000527,2025-07-28 22:34:27,2,193,TARJETA,0.00,0.00,0.00,0.00,FINALIZADA
528,VTA-000528,2025-07-29 11:30:05,4,219,EFECTIVO,0.00,0.00,0.00,0.00,FINALIZADA
529,VTA-000529,2025-07-29 18:21:52,2,177,SINPE,0.00,0.00,0.00,0.00,FINALIZADA
530,VTA-000530,2025-07-29 22:32:37,3,121,SINPE,0.00,0.00,0.00,0.00,FINALIZADA
531,VTA-000531,2025-07-29 23:23:24,2,193,SINPE,0.00,0.00,0.00,0.00,FINALIZADA
532,VTA-000532,2025-07-30 03:49:29,6,80,SINPE,0.00,0.00,0.00,0.00,FINALIZADA
533,VTA-000533,2025-07-30 06:32:22,7,108,TARJETA,0.00,0.00,0.00,0.00,FINALIZADA
534,VTA-000534,2025-07-31 03:45:58,3,217,SINPE,0.00,0.00,0.00,0.00,FINALIZADA
535,VTA-000535,2025-08-01 17:11:32,6,8,SINPE,0.00,0.00,0.00,0.00,FINALIZADA
536,VTA-000536,2025-08-01 19:49:25,3,193,SINPE,0.00,0.00,0.00,0.00,FINALIZADA
537,VTA-000537,2025-08-02 23:38:21,1,28,TARJETA,0.00,0.00,0.00,0.00,FINALIZADA
538,VTA-000538,2025-08-03 16:03:21,7,220,TARJETA,0.00,0.00,0.00,0.00,FINALIZADA
539,VTA-000539,2025-08-04 14:23:38,3,119,TRANSFERENCIA,0.00,0.00,0.00,0.00,FINALIZADA
540,VTA-000540,2025-08-05 02:45:39,7,54,SINPE,0.00,0.00,0.00,0.00,FINALIZADA
541,VTA-000541,2025-08-05 08:50:51,6,127,EFECTIVO,0.00,0.00,0.00,0.00,FINALIZADA
542,VTA-000542,2025-08-06 05:32:46,1,,TARJETA,0.00,0.00,0.00,0.00,FINALIZADA
543,VTA-000543,2025-08-06 17:59:11,7,64,SINPE,0.00,0.00,0.00,0.00,FINALIZADA
544,VTA-000544,2025-08-06 19:32:34,4,217,SINPE,0.00,0.00,0.00,0.00,FINALIZADA
545,VTA-000545,2025-08-07 06:43:26,5,139,TARJETA,0.00,0.00,0.00,0.00,FINALIZADA
546,VTA-000546,2025-08-07 07:32:38,5,35,SINPE,0.00,0.00,0.00,0.00,FINALIZADA
547,VTA-000547,2025-08-08 15:51:15,1,66,SINPE,0.00,0.00,0.00,0.00,FINALIZADA
548,VTA-000548,2025-08-08 20:24:20,7,108,TARJETA,0.00,0.00,0.00,0.00,FINALIZADA
549,VTA-000549,2025-08-08 23:29:39,6,54,TARJETA,0.00,0.00,0.00,0.00,FINALIZADA
550,VTA-000550,2025-08-09 07:05:13,1,112,SINPE,0.00,0.00,0.00,0.00,FINALIZADA
551,VTA-000551,2025-08-09 12:10:47,1,179,TARJETA,0.00,0.00,0.00,0.00,FINALIZADA
552,VTA-000552,2025-08-10 17:56:04,5,30,SINPE,0.00,0.00,0.00,0.00,FINALIZADA
553,VTA-000553,2025-08-11 09:07:40,6,37,TARJETA,0.00,0.00,0.00,0.00,FINALIZADA
554,VTA-000554,2025-08-11 17:36:01,3,191,TRANSFERENCIA,0.00,0.00,0.00,0.00,FINALIZADA
555,VTA-000555,2025-08-11 22:50:27,2,157,SINPE,0.00,0.00,0.00,0.00,FINALIZADA
556,VTA-000556,2025-08-12 03:15:42,1,183,SINPE,0.00,0.00,0.00,0.00,FINALIZADA
557,VTA-000557,2025-08-12 04:02:07,1,198,TARJETA,0.00,0.00,0.00,0.00,FINALIZADA
558,VTA-000558,2025-08-12 09:50:46,1,149,EFECTIVO,0.00,0.00,0.00,0.00,FINALIZADA
559,VTA-000559,2025-08-12 16:52:44,1,109,TARJETA,0.00,0.00,0.00,0.00,FINALIZADA
560,VTA-000560,2025-08-12 19:59:35,3,,TARJETA,0.00,0.00,0.00,0.00,FINALIZADA
561,VTA-000561,2025-08-13 01:15:16,6,152,TARJETA,0.00,0.00,0.00,0.00,FINALIZADA
562,VTA-000562,2025-08-13 10:42:40,3,82,TARJETA,0.00,0.00,0.00,0.00,FINALIZADA
563,VTA-000563,2025-08-13 12:12:52,6,23,EFECTIVO,0.00,0.00,0.00,0.00,FINALIZADA
564,VTA-000564,2025-08-13 14:32:10,7,4,EFECTIVO,0.00,0.00,0.00,0.00,FINALIZADA
565,VTA-000565,2025-08-14 06:25:35,3,36,TARJETA,0.00,0.00,0.00,0.00,FINALIZADA
566,VTA-000566,2025-08-14 17:03:09,3,,TARJETA,0.00,0.00,0.00,0.00,FINALIZADA
567,VTA-000567,2025-08-15 16:06:23,1,198,EFECTIVO,0.00,0.00,0.00,0.00,FINALIZADA
568,VTA-000568,2025-08-16 04:56:21,3,190,TARJETA,0.00,0.00,0.00,0.00,FINALIZADA
569,VTA-000569,2025-08-16 10:54:32,2,,EFECTIVO,0.00,0.00,0.00,0.00,FINALIZADA
570,VTA-000570,2025-08-16 15:24:40,7,49,SINPE,0.00,0.00,0.00,0.00,FINALIZADA
571,VTA-000571,2025-08-16 15:31:31,5,143,SINPE,0.00,0.00,0.00,0.00,FINALIZADA
572,VTA-000572,2025-08-17 03:36:13,5,6,SINPE,0.00,0.00,0.00,0.00,FINALIZADA
573,VTA-000573,2025-08-17 05:22:34,7,155,SINPE,0.00,0.00,0.00,0.00,FINALIZADA
574,VTA-000574,2025-08-17 16:35:40,5,114,EFECTIVO,0.00,0.00,0.00,0.00,FINALIZADA
575,VTA-000575,2025-08-18 09:31:34,6,105,SINPE,0.00,0.00,0.00,0.00,FINALIZADA
576,VTA-000576,2025-08-19 02:47:13,6,,SINPE,0.00,0.00,0.00,0.00,FINALIZADA
577,VTA-000577,2025-08-19 13:58:10,7,207,SINPE,0.00,0.00,0.00,0.00,FINALIZADA
578,VTA-000578,2025-08-19 17:46:22,5,154,SINPE,0.00,0.00,0.00,0.00,FINALIZADA
579,VTA-000579,2025-08-20 01:26:12,7,60,SINPE,0.00,0.00,0.00,0.00,FINALIZADA
580,VTA-000580,2025-08-20 06:52:23,7,127,SINPE,0.00,0.00,0.00,0.00,FINALIZADA
581,VTA-000581,2025-08-20 09:37:37,6,,EFECTIVO,0.00,0.00,0.00,0.00,FINALIZADA
582,VTA-000582,2025-08-20 21:26:06,4,129,TRANSFERENCIA,0.00,0.00,0.00,0.00,FINALIZADA
583,VTA-000583,2025-08-21 02:29:20,4,,EFECTIVO,0.00,0.00,0.00,0.00,FINALIZADA
584,VTA-000584,2025-08-21 06:27:53,7,85,EFECTIVO,0.00,0.00,0.00,0.00,FINALIZADA
585,VTA-000585,2025-08-21 07:55:37,5,2,TARJETA,0.00,0.00,0.00,0.00,FINALIZADA
586,VTA-000586,2025-08-22 01:21:25,1,,TARJETA,0.00,0.00,0.00,0.00,FINALIZADA
587,VTA-000587,2025-08-22 06:44:16,1,184,SINPE,0.00,0.00,0.00,0.00,FINALIZADA
588,VTA-000588,2025-08-22 17:59:51,6,209,TRANSFERENCIA,0.00,0.00,0.00,0.00,FINALIZADA
589,VTA-000589,2025-08-22 21:45:50,3,46,TARJETA,0.00,0.00,0.00,0.00,FINALIZADA
590,VTA-000590,2025-08-23 21:35:51,6,146,SINPE,0.00,0.00,0.00,0.00,FINALIZADA
591,VTA-000591,2025-08-24 03:04:08,3,66,TARJETA,0.00,0.00,0.00,0.00,FINALIZADA
592,VTA-000592,2025-08-24 04:38:35,4,60,TARJETA,0.00,0.00,0.00,0.00,FINALIZADA
593,VTA-000593,2025-08-24 06:36:09,1,205,SINPE,0.00,0.00,0.00,0.00,FINALIZADA
594,VTA-000594,2025-08-25 15:57:56,6,210,TRANSFERENCIA,0.00,0.00,0.00,0.00,FINALIZADA
595,VTA-000595,2025-08-25 18:24:15,6,,SINPE,0.00,0.00,0.00,0.00,FINALIZADA
596,VTA-000596,2025-08-27 05:34:00,5,,SINPE,0.00,0.00,0.00,0.00,FINALIZADA
597,VTA-000597,2025-08-27 15:09:00,2,117,EFECTIVO,0.00,0.00,0.00,0.00,FINALIZADA
598,VTA-000598,2025-08-28 15:24:36,4,118,SINPE,0.00,0.00,0.00,0.00,FINALIZADA
599,VTA-000599,2025-08-29 08:45:40,3,139,TARJETA,0.00,0.00,0.00,0.00,FINALIZADA
600,VTA-000600,2025-08-29 14:46:43,3,115,TARJETA,0.00,0.00,0.00,0.00,FINALIZADA
601,VTA-000601,2025-08-29 15:37:48,3,,SINPE,0.00,0.00,0.00,0.00,FINALIZADA
602,VTA-000602,2025-08-29 16:38:23,1,128,TARJETA,0.00,0.00,0.00,0.00,FINALIZADA
603,VTA-000603,2025-08-30 01:37:19,2,,EFECTIVO,0.00,0.00,0.00,0.00,FINALIZADA
604,VTA-000604,2025-08-30 22:16:04,4,139,TARJETA,0.00,0.00,0.00,0.00,FINALIZADA
605,VTA-000605,2025-08-31 11:27:14,6,179,TARJETA,0.00,0.00,0.00,0.00,FINALIZADA
606,VTA-000606,2025-08-31 19:37:37,2,60,TRANSFERENCIA,0.00,0.00,0.00,0.00,FINALIZADA
607,VTA-000607,2025-08-31 22:18:42,5,147,EFECTIVO,0.00,0.00,0.00,0.00,FINALIZADA
608,VTA-000608,2025-09-01 02:41:36,5,111,SINPE,0.00,0.00,0.00,0.00,FINALIZADA
609,VTA-000609,2025-09-01 03:17:39,7,23,TARJETA,0.00,0.00,0.00,0.00,FINALIZADA
610,VTA-000610,2025-09-01 13:50:59,6,108,EFECTIVO,0.00,0.00,0.00,0.00,FINALIZADA
611,VTA-000611,2025-09-01 19:55:46,5,148,TARJETA,0.00,0.00,0.00,0.00,FINALIZADA
612,VTA-000612,2025-09-02 03:18:24,4,13,TARJETA,0.00,0.00,0.00,0.00,FINALIZADA
613,VTA-000613,2025-09-02 06:30:19,4,186,SINPE,0.00,0.00,0.00,0.00,FINALIZADA
614,VTA-000614,2025-09-02 13:59:54,1,18,TRANSFERENCIA,0.00,0.00,0.00,0.00,FINALIZADA
615,VTA-000615,2025-09-02 21:46:37,5,162,TARJETA,0.00,0.00,0.00,0.00,FINALIZADA
616,VTA-000616,2025-09-03 00:10:16,5,198,SINPE,0.00,0.00,0.00,0.00,FINALIZADA
617,VTA-000617,2025-09-03 12:28:51,5,5,SINPE,0.00,0.00,0.00,0.00,FINALIZADA
618,VTA-000618,2025-09-04 01:01:58,2,,TARJETA,0.00,0.00,0.00,0.00,FINALIZADA
619,VTA-000619,2025-09-04 04:37:56,2,211,TARJETA,0.00,0.00,0.00,0.00,FINALIZADA
620,VTA-000620,2025-09-05 03:59:29,1,97,EFECTIVO,0.00,0.00,0.00,0.00,FINALIZADA
621,VTA-000621,2025-09-05 17:54:16,4,197,SINPE,0.00,0.00,0.00,0.00,FINALIZADA
622,VTA-000622,2025-09-05 18:35:01,7,,TARJETA,0.00,0.00,0.00,0.00,FINALIZADA
623,VTA-000623,2025-09-05 19:16:25,7,5,SINPE,0.00,0.00,0.00,0.00,FINALIZADA
624,VTA-000624,2025-09-07 02:01:39,5,203,SINPE,0.00,0.00,0.00,0.00,FINALIZADA
625,VTA-000625,2025-09-07 20:20:46,1,67,EFECTIVO,0.00,0.00,0.00,0.00,FINALIZADA
626,VTA-000626,2025-09-08 08:53:40,1,6,SINPE,0.00,0.00,0.00,0.00,FINALIZADA
627,VTA-000627,2025-09-08 20:22:42,1,7,TARJETA,0.00,0.00,0.00,0.00,FINALIZADA
628,VTA-000628,2025-09-08 22:49:56,3,6,EFECTIVO,0.00,0.00,0.00,0.00,FINALIZADA
629,VTA-000629,2025-09-09 07:28:17,5,23,TRANSFERENCIA,0.00,0.00,0.00,0.00,FINALIZADA
630,VTA-000630,2025-09-09 08:34:40,4,112,EFECTIVO,0.00,0.00,0.00,0.00,FINALIZADA
631,VTA-000631,2025-09-09 12:10:06,5,127,TARJETA,0.00,0.00,0.00,0.00,FINALIZADA
632,VTA-000632,2025-09-09 18:35:47,3,127,SINPE,0.00,0.00,0.00,0.00,FINALIZADA
633,VTA-000633,2025-09-10 21:58:41,1,148,EFECTIVO,0.00,0.00,0.00,0.00,FINALIZADA
634,VTA-000634,2025-09-11 09:29:09,1,205,TARJETA,0.00,0.00,0.00,0.00,FINALIZADA
635,VTA-000635,2025-09-12 05:37:51,1,179,TARJETA,0.00,0.00,0.00,0.00,FINALIZADA
636,VTA-000636,2025-09-12 22:02:28,6,206,TRANSFERENCIA,0.00,0.00,0.00,0.00,FINALIZADA
637,VTA-000637,2025-09-13 16:09:51,7,,SINPE,0.00,0.00,0.00,0.00,FINALIZADA
638,VTA-000638,2025-09-13 21:10:13,7,170,TARJETA,0.00,0.00,0.00,0.00,FINALIZADA
639,VTA-000639,2025-09-14 11:07:15,2,169,TARJETA,0.00,0.00,0.00,0.00,FINALIZADA
640,VTA-000640,2025-09-14 15:09:37,7,120,TARJETA,0.00,0.00,0.00,0.00,FINALIZADA
641,VTA-000641,2025-09-15 07:59:37,5,183,TARJETA,0.00,0.00,0.00,0.00,FINALIZADA
642,VTA-000642,2025-09-15 15:51:52,4,103,TARJETA,0.00,0.00,0.00,0.00,FINALIZADA
643,VTA-000643,2025-09-16 01:36:37,5,102,TARJETA,0.00,0.00,0.00,0.00,FINALIZADA
644,VTA-000644,2025-09-16 02:34:31,3,85,SINPE,0.00,0.00,0.00,0.00,FINALIZADA
645,VTA-000645,2025-09-16 09:15:11,5,,EFECTIVO,0.00,0.00,0.00,0.00,FINALIZADA
646,VTA-000646,2025-09-16 21:52:48,5,125,TARJETA,0.00,0.00,0.00,0.00,FINALIZADA
647,VTA-000647,2025-09-17 12:38:24,1,170,TARJETA,0.00,0.00,0.00,0.00,FINALIZADA
648,VTA-000648,2025-09-17 19:51:49,2,220,TARJETA,0.00,0.00,0.00,0.00,FINALIZADA
649,VTA-000649,2025-09-19 03:32:14,1,189,TARJETA,0.00,0.00,0.00,0.00,FINALIZADA
650,VTA-000650,2025-09-19 03:54:08,4,10,SINPE,0.00,0.00,0.00,0.00,FINALIZADA
651,VTA-000651,2025-09-20 03:52:02,4,13,SINPE,0.00,0.00,0.00,0.00,FINALIZADA
652,VTA-000652,2025-09-20 10:41:23,6,85,TARJETA,0.00,0.00,0.00,0.00,FINALIZADA
653,VTA-000653,2025-09-20 20:43:22,7,29,TARJETA,0.00,0.00,0.00,0.00,FINALIZADA
654,VTA-000654,2025-09-21 02:18:49,1,29,TARJETA,0.00,0.00,0.00,0.00,FINALIZADA
655,VTA-000655,2025-09-21 06:28:25,4,101,TARJETA,0.00,0.00,0.00,0.00,FINALIZADA
656,VTA-000656,2025-09-21 08:08:36,7,190,TARJETA,0.00,0.00,0.00,0.00,FINALIZADA
657,VTA-000657,2025-09-21 12:01:00,3,11,EFECTIVO,0.00,0.00,0.00,0.00,FINALIZADA
658,VTA-000658,2025-09-21 13:05:25,1,84,TARJETA,0.00,0.00,0.00,0.00,FINALIZADA
659,VTA-000659,2025-09-21 18:38:36,3,160,EFECTIVO,0.00,0.00,0.00,0.00,FINALIZADA
660,VTA-000660,2025-09-21 19:33:18,7,170,SINPE,0.00,0.00,0.00,0.00,FINALIZADA
661,VTA-000661,2025-09-22 03:40:34,4,133,SINPE,0.00,0.00,0.00,0.00,FINALIZADA
662,VTA-000662,2025-09-22 07:13:34,7,24,SINPE,0.00,0.00,0.00,0.00,FINALIZADA
663,VTA-000663,2025-09-22 14:17:28,7,96,TARJETA,0.00,0.00,0.00,0.00,FINALIZADA
664,VTA-000664,2025-09-23 17:49:53,5,121,EFECTIVO,0.00,0.00,0.00,0.00,FINALIZADA
665,VTA-000665,2025-09-23 18:14:38,3,61,TRANSFERENCIA,0.00,0.00,0.00,0.00,FINALIZADA
666,VTA-000666,2025-09-23 21:32:31,1,,SINPE,0.00,0.00,0.00,0.00,FINALIZADA
667,VTA-000667,2025-09-24 04:00:39,3,219,EFECTIVO,0.00,0.00,0.00,0.00,FINALIZADA
668,VTA-000668,2025-09-24 07:46:21,6,177,TARJETA,0.00,0.00,0.00,0.00,FINALIZADA
669,VTA-000669,2025-09-24 23:39:20,5,73,TARJETA,0.00,0.00,0.00,0.00,FINALIZADA
670,VTA-000670,2025-09-25 10:13:01,1,,SINPE,0.00,0.00,0.00,0.00,FINALIZADA
671,VTA-000671,2025-09-25 19:29:31,5,25,TARJETA,0.00,0.00,0.00,0.00,FINALIZADA
672,VTA-000672,2025-09-26 05:37:37,7,65,TARJETA,0.00,0.00,0.00,0.00,FINALIZADA
673,VTA-000673,2025-09-26 06:15:45,3,110,SINPE,0.00,0.00,0.00,0.00,FINALIZADA
674,VTA-000674,2025-09-26 13:22:26,5,144,EFECTIVO,0.00,0.00,0.00,0.00,FINALIZADA
675,VTA-000675,2025-09-26 15:53:57,3,148,SINPE,0.00,0.00,0.00,0.00,FINALIZADA
676,VTA-000676,2025-09-26 16:25:31,7,85,SINPE,0.00,0.00,0.00,0.00,FINALIZADA
677,VTA-000677,2025-09-26 19:58:18,7,83,TARJETA,0.00,0.00,0.00,0.00,FINALIZADA
678,VTA-000678,2025-09-27 01:54:59,7,42,TARJETA,0.00,0.00,0.00,0.00,FINALIZADA
679,VTA-000679,2025-09-27 04:43:04,6,,EFECTIVO,0.00,0.00,0.00,0.00,FINALIZADA
680,VTA-000680,2025-09-27 14:49:31,1,33,TARJETA,0.00,0.00,0.00,0.00,FINALIZADA
681,VTA-000681,2025-09-27 17:04:33,5,88,SINPE,0.00,0.00,0.00,0.00,FINALIZADA
682,VTA-000682,2025-09-28 11:45:24,5,138,EFECTIVO,0.00,0.00,0.00,0.00,FINALIZADA
683,VTA-000683,2025-09-28 15:14:21,4,118,TARJETA,0.00,0.00,0.00,0.00,FINALIZADA
684,VTA-000684,2025-09-29 02:20:38,7,204,TARJETA,0.00,0.00,0.00,0.00,FINALIZADA
685,VTA-000685,2025-09-29 13:37:07,6,116,SINPE,0.00,0.00,0.00,0.00,FINALIZADA
686,VTA-000686,2025-09-29 19:37:29,1,184,EFECTIVO,0.00,0.00,0.00,0.00,FINALIZADA
687,VTA-000687,2025-09-30 03:50:23,4,191,TARJETA,0.00,0.00,0.00,0.00,FINALIZADA
688,VTA-000688,2025-09-30 17:10:56,5,183,TARJETA,0.00,0.00,0.00,0.00,FINALIZADA
689,VTA-000689,2025-09-30 22:58:38,2,58,TARJETA,0.00,0.00,0.00,0.00,FINALIZADA
690,VTA-000690,2025-10-01 01:41:31,3,95,SINPE,0.00,0.00,0.00,0.00,FINALIZADA
691,VTA-000691,2025-10-01 08:50:33,5,19,TARJETA,0.00,0.00,0.00,0.00,FINALIZADA
692,VTA-000692,2025-10-01 16:04:16,5,215,SINPE,0.00,0.00,0.00,0.00,FINALIZADA
693,VTA-000693,2025-10-01 17:58:53,3,177,EFECTIVO,0.00,0.00,0.00,0.00,FINALIZADA
694,VTA-000694,2025-10-02 01:03:57,5,219,SINPE,0.00,0.00,0.00,0.00,FINALIZADA
695,VTA-000695,2025-10-02 09:36:24,5,166,EFECTIVO,0.00,0.00,0.00,0.00,FINALIZADA
696,VTA-000696,2025-10-02 20:18:14,5,69,TARJETA,0.00,0.00,0.00,0.00,FINALIZADA
697,VTA-000697,2025-10-02 23:44:17,7,155,EFECTIVO,0.00,0.00,0.00,0.00,FINALIZADA
698,VTA-000698,2025-10-03 03:15:43,3,19,EFECTIVO,0.00,0.00,0.00,0.00,FINALIZADA
699,VTA-000699,2025-10-04 17:25:14,4,30,TARJETA,0.00,0.00,0.00,0.00,FINALIZADA
700,VTA-000700,2025-10-04 22:30:24,3,127,SINPE,0.00,0.00,0.00,0.00,FINALIZADA
701,VTA-000701,2025-10-05 00:26:37,1,82,EFECTIVO,0.00,0.00,0.00,0.00,FINALIZADA
702,VTA-000702,2025-10-05 09:30:27,6,167,EFECTIVO,0.00,0.00,0.00,0.00,FINALIZADA
703,VTA-000703,2025-10-05 18:08:21,5,76,SINPE,0.00,0.00,0.00,0.00,FINALIZADA
704,VTA-000704,2025-10-05 22:32:21,3,166,TRANSFERENCIA,0.00,0.00,0.00,0.00,FINALIZADA
705,VTA-000705,2025-10-06 17:30:45,7,87,TARJETA,0.00,0.00,0.00,0.00,FINALIZADA
706,VTA-000706,2025-10-06 23:44:15,6,181,TARJETA,0.00,0.00,0.00,0.00,FINALIZADA
707,VTA-000707,2025-10-07 04:02:36,2,63,EFECTIVO,0.00,0.00,0.00,0.00,FINALIZADA
708,VTA-000708,2025-10-07 09:40:17,1,38,SINPE,0.00,0.00,0.00,0.00,FINALIZADA
709,VTA-000709,2025-10-07 16:45:32,2,191,TARJETA,0.00,0.00,0.00,0.00,FINALIZADA
710,VTA-000710,2025-10-08 03:57:50,3,108,TARJETA,0.00,0.00,0.00,0.00,FINALIZADA
711,VTA-000711,2025-10-08 13:20:36,7,,TARJETA,0.00,0.00,0.00,0.00,FINALIZADA
712,VTA-000712,2025-10-08 13:56:44,4,22,TARJETA,0.00,0.00,0.00,0.00,FINALIZADA
713,VTA-000713,2025-10-09 00:15:33,3,125,SINPE,0.00,0.00,0.00,0.00,FINALIZADA
714,VTA-000714,2025-10-09 05:03:05,3,160,SINPE,0.00,0.00,0.00,0.00,FINALIZADA
715,VTA-000715,2025-10-09 13:45:05,3,144,TRANSFERENCIA,0.00,0.00,0.00,0.00,FINALIZADA
716,VTA-000716,2025-10-09 15:21:30,4,197,TARJETA,0.00,0.00,0.00,0.00,FINALIZADA
717,VTA-000717,2025-10-10 00:45:35,2,60,TARJETA,0.00,0.00,0.00,0.00,FINALIZADA
718,VTA-000718,2025-10-10 11:49:01,3,,SINPE,0.00,0.00,0.00,0.00,FINALIZADA
719,VTA-000719,2025-10-10 22:31:12,7,177,EFECTIVO,0.00,0.00,0.00,0.00,FINALIZADA
720,VTA-000720,2025-10-11 13:49:18,6,,TRANSFERENCIA,0.00,0.00,0.00,0.00,FINALIZADA
721,VTA-000721,2025-10-11 15:31:44,6,107,SINPE,0.00,0.00,0.00,0.00,FINALIZADA
722,VTA-000722,2025-10-11 20:36:23,2,106,SINPE,0.00,0.00,0.00,0.00,FINALIZADA
723,VTA-000723,2025-10-12 14:52:21,3,139,EFECTIVO,0.00,0.00,0.00,0.00,FINALIZADA
724,VTA-000724,2025-10-13 17:27:33,1,46,SINPE,0.00,0.00,0.00,0.00,FINALIZADA
725,VTA-000725,2025-10-14 13:59:28,5,176,TARJETA,0.00,0.00,0.00,0.00,FINALIZADA
726,VTA-000726,2025-10-15 05:24:01,1,,SINPE,0.00,0.00,0.00,0.00,FINALIZADA
727,VTA-000727,2025-10-15 07:37:53,4,198,TARJETA,0.00,0.00,0.00,0.00,FINALIZADA
728,VTA-000728,2025-10-15 10:03:30,3,212,TRANSFERENCIA,0.00,0.00,0.00,0.00,FINALIZADA
729,VTA-000729,2025-10-15 14:06:39,5,47,SINPE,0.00,0.00,0.00,0.00,FINALIZADA
730,VTA-000730,2025-10-16 05:44:57,3,165,TRANSFERENCIA,0.00,0.00,0.00,0.00,FINALIZADA
731,VTA-000731,2025-10-17 21:21:11,4,220,TARJETA,0.00,0.00,0.00,0.00,FINALIZADA
732,VTA-000732,2025-10-18 22:02:00,2,198,TARJETA,0.00,0.00,0.00,0.00,FINALIZADA
733,VTA-000733,2025-10-18 22:27:49,2,151,SINPE,0.00,0.00,0.00,0.00,FINALIZADA
734,VTA-000734,2025-10-19 01:08:59,2,67,EFECTIVO,0.00,0.00,0.00,0.00,FINALIZADA
735,VTA-000735,2025-10-19 20:51:44,2,182,EFECTIVO,0.00,0.00,0.00,0.00,FINALIZADA
736,VTA-000736,2025-10-19 21:12:32,6,126,SINPE,0.00,0.00,0.00,0.00,FINALIZADA
737,VTA-000737,2025-10-20 05:27:23,7,23,EFECTIVO,0.00,0.00,0.00,0.00,FINALIZADA
738,VTA-000738,2025-10-20 07:36:59,5,170,TRANSFERENCIA,0.00,0.00,0.00,0.00,FINALIZADA
739,VTA-000739,2025-10-20 15:11:45,4,36,SINPE,0.00,0.00,0.00,0.00,FINALIZADA
740,VTA-000740,2025-10-20 21:17:45,7,38,SINPE,0.00,0.00,0.00,0.00,FINALIZADA
741,VTA-000741,2025-10-21 03:40:02,3,63,EFECTIVO,0.00,0.00,0.00,0.00,FINALIZADA
742,VTA-000742,2025-10-22 04:52:42,3,142,EFECTIVO,0.00,0.00,0.00,0.00,FINALIZADA
743,VTA-000743,2025-10-22 05:29:06,1,49,SINPE,0.00,0.00,0.00,0.00,FINALIZADA
744,VTA-000744,2025-10-22 05:32:32,4,88,SINPE,0.00,0.00,0.00,0.00,FINALIZADA
745,VTA-000745,2025-10-22 12:49:26,5,194,SINPE,0.00,0.00,0.00,0.00,FINALIZADA
746,VTA-000746,2025-10-22 13:11:30,3,75,TARJETA,0.00,0.00,0.00,0.00,FINALIZADA
747,VTA-000747,2025-10-22 20:11:09,1,,EFECTIVO,0.00,0.00,0.00,0.00,FINALIZADA
748,VTA-000748,2025-10-23 08:41:12,1,193,TRANSFERENCIA,0.00,0.00,0.00,0.00,FINALIZADA
749,VTA-000749,2025-10-23 14:31:49,7,59,TARJETA,0.00,0.00,0.00,0.00,FINALIZADA
750,VTA-000750,2025-10-23 16:25:35,2,194,TARJETA,0.00,0.00,0.00,0.00,FINALIZADA
751,VTA-000751,2025-10-23 21:03:26,4,,EFECTIVO,0.00,0.00,0.00,0.00,FINALIZADA
752,VTA-000752,2025-10-23 21:54:00,1,195,TARJETA,0.00,0.00,0.00,0.00,FINALIZADA
753,VTA-000753,2025-10-24 09:11:31,1,106,SINPE,0.00,0.00,0.00,0.00,FINALIZADA
754,VTA-000754,2025-10-24 17:05:59,1,169,TARJETA,0.00,0.00,0.00,0.00,FINALIZADA
755,VTA-000755,2025-10-25 06:00:21,2,219,TARJETA,0.00,0.00,0.00,0.00,FINALIZADA
756,VTA-000756,2025-10-25 06:22:17,3,,TRANSFERENCIA,0.00,0.00,0.00,0.00,FINALIZADA
757,VTA-000757,2025-10-25 15:45:40,5,154,SINPE,0.00,0.00,0.00,0.00,FINALIZADA
758,VTA-000758,2025-10-25 16:22:23,2,142,EFECTIVO,0.00,0.00,0.00,0.00,FINALIZADA
759,VTA-000759,2025-10-25 19:32:16,4,20,TARJETA,0.00,0.00,0.00,0.00,FINALIZADA
760,VTA-000760,2025-10-26 08:42:18,1,169,SINPE,0.00,0.00,0.00,0.00,FINALIZADA
761,VTA-000761,2025-10-27 02:20:08,1,18,EFECTIVO,0.00,0.00,0.00,0.00,FINALIZADA
762,VTA-000762,2025-10-27 09:05:56,7,219,TARJETA,0.00,0.00,0.00,0.00,FINALIZADA
763,VTA-000763,2025-10-27 23:22:48,3,64,TARJETA,0.00,0.00,0.00,0.00,FINALIZADA
764,VTA-000764,2025-10-28 10:14:46,2,,TARJETA,0.00,0.00,0.00,0.00,FINALIZADA
765,VTA-000765,2025-10-28 20:39:20,4,51,EFECTIVO,0.00,0.00,0.00,0.00,FINALIZADA
766,VTA-000766,2025-10-29 00:36:12,7,24,TARJETA,0.00,0.00,0.00,0.00,FINALIZADA
767,VTA-000767,2025-10-30 11:35:34,2,134,SINPE,0.00,0.00,0.00,0.00,FINALIZADA
768,VTA-000768,2025-10-31 04:56:35,1,98,TARJETA,0.00,0.00,0.00,0.00,FINALIZADA
769,VTA-000769,2025-10-31 05:36:12,6,146,EFECTIVO,0.00,0.00,0.00,0.00,FINALIZADA
770,VTA-000770,2025-10-31 10:05:19,7,6,EFECTIVO,0.00,0.00,0.00,0.00,FINALIZADA
771,VTA-000771,2025-10-31 10:42:13,3,214,SINPE,0.00,0.00,0.00,0.00,FINALIZADA
772,VTA-000772,2025-10-31 20:13:28,1,151,SINPE,0.00,0.00,0.00,0.00,FINALIZADA
773,VTA-000773,2025-11-01 19:26:36,7,33,TARJETA,0.00,0.00,0.00,0.00,FINALIZADA
774,VTA-000774,2025-11-02 01:18:58,1,19,SINPE,0.00,0.00,0.00,0.00,FINALIZADA
775,VTA-000775,2025-11-02 01:23:01,7,110,SINPE,0.00,0.00,0.00,0.00,FINALIZADA
776,VTA-000776,2025-11-02 04:52:12,2,31,EFECTIVO,0.00,0.00,0.00,0.00,FINALIZADA
777,VTA-000777,2025-11-02 19:47:49,5,99,TARJETA,0.00,0.00,0.00,0.00,FINALIZADA
778,VTA-000778,2025-11-03 15:29:29,1,162,SINPE,0.00,0.00,0.00,0.00,FINALIZADA
779,VTA-000779,2025-11-04 06:33:10,1,108,EFECTIVO,0.00,0.00,0.00,0.00,FINALIZADA
780,VTA-000780,2025-11-04 23:48:36,5,121,EFECTIVO,0.00,0.00,0.00,0.00,FINALIZADA
781,VTA-000781,2025-11-05 11:50:50,7,112,SINPE,0.00,0.00,0.00,0.00,FINALIZADA
782,VTA-000782,2025-11-06 01:13:59,3,,TARJETA,0.00,0.00,0.00,0.00,FINALIZADA
783,VTA-000783,2025-11-06 04:44:15,6,166,EFECTIVO,0.00,0.00,0.00,0.00,FINALIZADA
784,VTA-000784,2025-11-06 10:05:08,1,205,SINPE,0.00,0.00,0.00,0.00,FINALIZADA
785,VTA-000785,2025-11-06 12:53:25,4,13,SINPE,0.00,0.00,0.00,0.00,FINALIZADA
786,VTA-000786,2025-11-06 23:58:46,2,178,SINPE,0.00,0.00,0.00,0.00,FINALIZADA
787,VTA-000787,2025-11-07 08:34:42,5,101,TRANSFERENCIA,0.00,0.00,0.00,0.00,FINALIZADA
788,VTA-000788,2025-11-07 10:41:13,4,22,TRANSFERENCIA,0.00,0.00,0.00,0.00,FINALIZADA
789,VTA-000789,2025-11-08 04:34:49,6,82,TARJETA,0.00,0.00,0.00,0.00,FINALIZADA
790,VTA-000790,2025-11-08 06:56:16,4,33,SINPE,0.00,0.00,0.00,0.00,FINALIZADA
791,VTA-000791,2025-11-08 11:42:32,3,88,SINPE,0.00,0.00,0.00,0.00,FINALIZADA
792,VTA-000792,2025-11-08 14:47:23,3,161,TARJETA,0.00,0.00,0.00,0.00,FINALIZADA
793,VTA-000793,2025-11-09 11:47:42,2,4,TARJETA,0.00,0.00,0.00,0.00,FINALIZADA
794,VTA-000794,2025-11-10 14:01:19,1,,TARJETA,0.00,0.00,0.00,0.00,FINALIZADA
795,VTA-000795,2025-11-10 16:03:25,1,177,TARJETA,0.00,0.00,0.00,0.00,FINALIZADA
796,VTA-000796,2025-11-10 17:37:15,2,61,TARJETA,0.00,0.00,0.00,0.00,FINALIZADA
797,VTA-000797,2025-11-11 03:27:18,6,125,EFECTIVO,0.00,0.00,0.00,0.00,FINALIZADA
798,VTA-000798,2025-11-11 17:29:18,5,58,TARJETA,0.00,0.00,0.00,0.00,FINALIZADA
799,VTA-000799,2025-11-12 03:19:44,6,158,TARJETA,0.00,0.00,0.00,0.00,FINALIZADA
800,VTA-000800,2025-11-12 03:50:18,4,169,SINPE,0.00,0.00,0.00,0.00,FINALIZADA
801,VTA-000801,2025-11-12 06:48:50,6,51,SINPE,0.00,0.00,0.00,0.00,FINALIZADA
802,VTA-000802,2025-11-12 07:10:26,5,119,TARJETA,0.00,0.00,0.00,0.00,FINALIZADA
803,VTA-000803,2025-11-13 21:22:30,1,,SINPE,0.00,0.00,0.00,0.00,FINALIZADA
804,VTA-000804,2025-11-13 22:11:55,5,91,TRANSFERENCIA,0.00,0.00,0.00,0.00,FINALIZADA
805,VTA-000805,2025-11-14 05:34:03,2,103,TARJETA,0.00,0.00,0.00,0.00,FINALIZADA
806,VTA-000806,2025-11-14 11:22:34,1,205,SINPE,0.00,0.00,0.00,0.00,FINALIZADA
807,VTA-000807,2025-11-14 15:20:39,5,155,TARJETA,0.00,0.00,0.00,0.00,FINALIZADA
808,VTA-000808,2025-11-15 07:05:59,4,56,SINPE,0.00,0.00,0.00,0.00,FINALIZADA
809,VTA-000809,2025-11-16 02:10:55,3,19,SINPE,0.00,0.00,0.00,0.00,FINALIZADA
810,VTA-000810,2025-11-16 04:18:09,4,121,SINPE,0.00,0.00,0.00,0.00,FINALIZADA
811,VTA-000811,2025-11-16 05:48:36,3,104,EFECTIVO,0.00,0.00,0.00,0.00,FINALIZADA
812,VTA-000812,2025-11-16 08:28:26,3,,SINPE,0.00,0.00,0.00,0.00,FINALIZADA
813,VTA-000813,2025-11-17 23:18:13,5,48,TARJETA,0.00,0.00,0.00,0.00,FINALIZADA
814,VTA-000814,2025-11-19 11:04:23,1,46,TARJETA,0.00,0.00,0.00,0.00,FINALIZADA
815,VTA-000815,2025-11-20 19:56:18,3,27,SINPE,0.00,0.00,0.00,0.00,FINALIZADA
816,VTA-000816,2025-11-21 04:56:15,2,111,TARJETA,0.00,0.00,0.00,0.00,FINALIZADA
817,VTA-000817,2025-11-23 03:36:03,6,29,TARJETA,0.00,0.00,0.00,0.00,FINALIZADA
818,VTA-000818,2025-11-23 12:37:57,2,164,TARJETA,0.00,0.00,0.00,0.00,FINALIZADA
819,VTA-000819,2025-11-24 19:47:14,3,213,SINPE,0.00,0.00,0.00,0.00,FINALIZADA
820,VTA-000820,2025-11-25 14:34:47,5,96,TARJETA,0.00,0.00,0.00,0.00,FINALIZADA
821,VTA-000821,2025-11-25 23:43:03,3,198,TARJETA,0.00,0.00,0.00,0.00,FINALIZADA
822,VTA-000822,2025-11-26 12:45:47,1,101,TARJETA,0.00,0.00,0.00,0.00,FINALIZADA
823,VTA-000823,2025-11-26 21:27:38,3,23,TRANSFERENCIA,0.00,0.00,0.00,0.00,FINALIZADA
824,VTA-000824,2025-11-26 21:42:37,5,200,SINPE,0.00,0.00,0.00,0.00,FINALIZADA
825,VTA-000825,2025-11-27 05:41:24,4,13,TARJETA,0.00,0.00,0.00,0.00,FINALIZADA
826,VTA-000826,2025-11-27 17:03:37,5,5,SINPE,0.00,0.00,0.00,0.00,FINALIZADA
827,VTA-000827,2025-11-29 08:23:01,2,65,EFECTIVO,0.00,0.00,0.00,0.00,FINALIZADA
828,VTA-000828,2025-11-29 17:42:36,1,122,SINPE,0.00,0.00,0.00,0.00,FINALIZADA
829,VTA-000829,2025-11-30 18:45:48,7,17,TARJETA,0.00,0.00,0.00,0.00,FINALIZADA
830,VTA-000830,2025-11-30 21:53:01,3,76,TARJETA,0.00,0.00,0.00,0.00,FINALIZADA
831,VTA-000831,2025-12-01 07:09:32,7,8,EFECTIVO,0.00,0.00,0.00,0.00,FINALIZADA
832,VTA-000832,2025-12-01 20:16:39,7,215,TARJETA,0.00,0.00,0.00,0.00,FINALIZADA
833,VTA-000833,2025-12-03 06:21:27,6,182,TARJETA,0.00,0.00,0.00,0.00,FINALIZADA
834,VTA-000834,2025-12-04 09:21:31,6,88,SINPE,0.00,0.00,0.00,0.00,FINALIZADA
835,VTA-000835,2025-12-05 23:33:56,1,150,SINPE,0.00,0.00,0.00,0.00,FINALIZADA
836,VTA-000836,2025-12-06 04:59:58,1,84,SINPE,0.00,0.00,0.00,0.00,FINALIZADA
837,VTA-000837,2025-12-06 07:56:32,1,,EFECTIVO,0.00,0.00,0.00,0.00,FINALIZADA
838,VTA-000838,2025-12-07 03:10:18,4,103,SINPE,0.00,0.00,0.00,0.00,FINALIZADA
839,VTA-000839,2025-12-07 11:37:31,5,8,SINPE,0.00,0.00,0.00,0.00,FINALIZADA
840,VTA-000840,2025-12-07 13:38:22,2,68,TARJETA,0.00,0.00,0.00,0.00,FINALIZADA
841,VTA-000841,2025-12-08 17:02:06,1,,TARJETA,0.00,0.00,0.00,0.00,FINALIZADA
842,VTA-000842,2025-12-09 03:27:35,7,216,SINPE,0.00,0.00,0.00,0.00,FINALIZADA
843,VTA-000843,2025-12-09 09:42:07,3,31,EFECTIVO,0.00,0.00,0.00,0.00,FINALIZADA
844,VTA-000844,2025-12-09 15:30:07,1,171,EFECTIVO,0.00,0.00,0.00,0.00,FINALIZADA
845,VTA-000845,2025-12-09 23:22:16,1,,TARJETA,0.00,0.00,0.00,0.00,FINALIZADA
846,VTA-000846,2025-12-10 05:38:08,6,108,TARJETA,0.00,0.00,0.00,0.00,FINALIZADA
847,VTA-000847,2025-12-10 10:39:34,4,6,SINPE,0.00,0.00,0.00,0.00,FINALIZADA
848,VTA-000848,2025-12-11 13:52:36,4,208,EFECTIVO,0.00,0.00,0.00,0.00,FINALIZADA
849,VTA-000849,2025-12-11 17:33:07,4,137,SINPE,0.00,0.00,0.00,0.00,FINALIZADA
850,VTA-000850,2025-12-11 18:56:28,3,,SINPE,0.00,0.00,0.00,0.00,FINALIZADA
851,VTA-000851,2025-12-12 07:48:47,1,169,SINPE,0.00,0.00,0.00,0.00,FINALIZADA
852,VTA-000852,2025-12-12 16:10:54,7,33,EFECTIVO,0.00,0.00,0.00,0.00,FINALIZADA
853,VTA-000853,2025-12-12 19:08:56,7,,SINPE,0.00,0.00,0.00,0.00,FINALIZADA
854,VTA-000854,2025-12-13 14:01:42,7,51,TARJETA,0.00,0.00,0.00,0.00,FINALIZADA
855,VTA-000855,2025-12-13 19:27:57,3,212,SINPE,0.00,0.00,0.00,0.00,FINALIZADA
856,VTA-000856,2025-12-14 00:47:32,6,109,SINPE,0.00,0.00,0.00,0.00,FINALIZADA
857,VTA-000857,2025-12-14 07:02:29,2,47,SINPE,0.00,0.00,0.00,0.00,FINALIZADA
858,VTA-000858,2025-12-14 07:50:33,7,217,TARJETA,0.00,0.00,0.00,0.00,FINALIZADA
859,VTA-000859,2025-12-14 15:38:15,7,92,TRANSFERENCIA,0.00,0.00,0.00,0.00,FINALIZADA
860,VTA-000860,2025-12-14 23:20:25,1,76,TARJETA,0.00,0.00,0.00,0.00,FINALIZADA
861,VTA-000861,2025-12-15 04:06:04,4,1,SINPE,0.00,0.00,0.00,0.00,FINALIZADA
862,VTA-000862,2025-12-15 05:04:51,5,117,EFECTIVO,0.00,0.00,0.00,0.00,FINALIZADA
863,VTA-000863,2025-12-15 06:35:24,1,110,SINPE,0.00,0.00,0.00,0.00,FINALIZADA
864,VTA-000864,2025-12-15 10:40:43,1,192,TARJETA,0.00,0.00,0.00,0.00,FINALIZADA
865,VTA-000865,2025-12-15 17:20:33,2,71,EFECTIVO,0.00,0.00,0.00,0.00,FINALIZADA
866,VTA-000866,2025-12-16 22:38:03,4,181,TARJETA,0.00,0.00,0.00,0.00,FINALIZADA
867,VTA-000867,2025-12-17 01:44:55,3,121,TARJETA,0.00,0.00,0.00,0.00,FINALIZADA
868,VTA-000868,2025-12-17 09:47:47,7,160,EFECTIVO,0.00,0.00,0.00,0.00,FINALIZADA
869,VTA-000869,2025-12-17 22:02:45,7,53,TARJETA,0.00,0.00,0.00,0.00,FINALIZADA
870,VTA-000870,2025-12-17 22:52:03,1,116,EFECTIVO,0.00,0.00,0.00,0.00,FINALIZADA
871,VTA-000871,2025-12-18 11:53:35,6,183,EFECTIVO,0.00,0.00,0.00,0.00,FINALIZADA
872,VTA-000872,2025-12-19 00:47:30,7,40,TARJETA,0.00,0.00,0.00,0.00,FINALIZADA
873,VTA-000873,2025-12-20 17:34:47,5,25,TARJETA,0.00,0.00,0.00,0.00,FINALIZADA
874,VTA-000874,2025-12-20 19:00:10,3,182,TARJETA,0.00,0.00,0.00,0.00,FINALIZADA
875,VTA-000875,2025-12-20 22:21:14,7,60,TARJETA,0.00,0.00,0.00,0.00,FINALIZADA
876,VTA-000876,2025-12-21 23:16:02,5,1,SINPE,0.00,0.00,0.00,0.00,FINALIZADA
877,VTA-000877,2025-12-22 07:13:34,1,98,TARJETA,0.00,0.00,0.00,0.00,FINALIZADA
878,VTA-000878,2025-12-22 09:31:01,3,3,SINPE,0.00,0.00,0.00,0.00,FINALIZADA
879,VTA-000879,2025-12-22 18:01:45,1,5,TARJETA,0.00,0.00,0.00,0.00,FINALIZADA
880,VTA-000880,2025-12-23 04:20:10,1,119,TARJETA,0.00,0.00,0.00,0.00,FINALIZADA
881,VTA-000881,2025-12-23 09:22:49,5,176,SINPE,0.00,0.00,0.00,0.00,FINALIZADA
882,VTA-000882,2025-12-23 12:46:18,5,70,TARJETA,0.00,0.00,0.00,0.00,FINALIZADA
883,VTA-000883,2025-12-24 06:35:20,1,59,TARJETA,0.00,0.00,0.00,0.00,FINALIZADA
884,VTA-000884,2025-12-24 22:51:53,2,34,TARJETA,0.00,0.00,0.00,0.00,FINALIZADA
885,VTA-000885,2025-12-25 03:44:59,7,25,TARJETA,0.00,0.00,0.00,0.00,FINALIZADA
886,VTA-000886,2025-12-25 21:45:11,1,137,TARJETA,0.00,0.00,0.00,0.00,FINALIZADA
887,VTA-000887,2025-12-26 03:54:29,1,126,SINPE,0.00,0.00,0.00,0.00,FINALIZADA
888,VTA-000888,2025-12-27 12:14:31,3,31,TARJETA,0.00,0.00,0.00,0.00,FINALIZADA
889,VTA-000889,2025-12-27 18:56:23,7,,SINPE,0.00,0.00,0.00,0.00,FINALIZADA
890,VTA-000890,2025-12-28 06:31:18,7,59,SINPE,0.00,0.00,0.00,0.00,FINALIZADA
891,VTA-000891,2025-12-29 08:28:09,4,18,TARJETA,0.00,0.00,0.00,0.00,FINALIZADA
892,VTA-000892,2025-12-29 10:31:14,6,49,EFECTIVO,0.00,0.00,0.00,0.00,FINALIZADA
893,VTA-000893,2025-12-29 12:54:50,7,65,SINPE,0.00,0.00,0.00,0.00,FINALIZADA
894,VTA-000894,2025-12-29 13:26:29,4,134,SINPE,0.00,0.00,0.00,0.00,FINALIZADA
895,VTA-000895,2025-12-29 16:30:04,6,110,SINPE,0.00,0.00,0.00,0.00,FINALIZADA
896,VTA-000896,2025-12-29 23:26:17,4,134,TARJETA,0.00,0.00,0.00,0.00,FINALIZADA
897,VTA-000897,2025-12-30 07:28:54,6,22,EFECTIVO,0.00,0.00,0.00,0.00,FINALIZADA
898,VTA-000898,2025-12-30 13:50:57,1,71,SINPE,0.00,0.00,0.00,0.00,FINALIZADA
899,VTA-000899,2025-12-30 15:09:26,6,54,SINPE,0.00,0.00,0.00,0.00,FINALIZADA
900,VTA-000900,2025-12-31 13:52:16,3,105,TARJETA,0.00,0.00,0.00,0.00,FINALIZADA
